"name","longitude","latitude","issues","prov","key","datasetKey","publishingOrgKey","publishingCountry","protocol","lastCrawled","lastParsed","crawlId","basisOfRecord","individualCount","taxonKey","kingdomKey","phylumKey","classKey","orderKey","familyKey","genusKey","scientificName","kingdom","phylum","order","family","genus","genericName","specificEpithet","taxonRank","continent","stateProvince","year","month","day","eventDate","lastInterpreted","license","geodeticDatum","class","countryCode","country","preparations","recordNumber","identifier","recordedBy","catalogNumber","institutionID","institutionCode","locality","gbifID","collectionCode","occurrenceID","dateIdentified","elevation","county","identifiedBy","depth"
"Cryptotis mexicana",-97.33556,18.69861,"cdround,gass84,preneglon","gbif",1233607357,"2a337d5a-a784-4f8a-a947-46d69e0fa3eb","2a7e3080-28a9-11dd-97cd-b8a03c50a862","CO","DWC_ARCHIVE","2016-02-01T18:41:21.668+0000","2016-02-01T18:41:21.771+0000",39,"PRESERVED_SPECIMEN",1,5219495,1,44,359,803,5534,2435817,"Cryptotis mexicana (Coues, 1877)","Animalia","Chordata","Soricomorpha","Soricidae","Cryptotis","Cryptotis","mexicana","SPECIES","NORTH_AMERICA","Veracruz",2005,1,29,2005-01-29,"2016-08-03T13:32:57.804+0000","http://creativecommons.org/licenses/by-nc/4.0/legalcode","WGS84","Mammalia","MX","Mexico","Cráneo; Esqueleto; Piel","2744","8566","Cervantes F.","IAvH-M-8566","820000142-2","IAvH","AwItango, 0.6.25 km Puerto del Aire","1233607357","IAvH-M","8566",NA,NA,NA,NA,NA
"Cryptotis mexicana",-93.102,16.812,"bri,gass84","gbif",370698577,"80425e9c-f762-11e1-a439-00145eb45e9a","ff90b050-c256-11db-b71b-b8a03c50a862","MX","DIGIR","2016-01-28T16:07:07.482+0000","2014-10-07T06:17:43.615+0000",6,"UNKNOWN",NA,5219495,1,44,359,803,5534,2435817,"Cryptotis mexicana (Coues, 1877)","Animalia","Chordata","Soricomorpha","Soricidae","Cryptotis","Cryptotis","mexicana","SPECIES",NA,"Chiapas",2004,11,11,2004-11-11,"2016-08-04T03:38:02.367+0000","http://creativecommons.org/licenses/by-nc/4.0/legalcode","WGS84","Mammalia","MX","Mexico",NA,NA,NA,"Riechers-Pérez, A.","2426",NA,"IHNE","Kilómetro 12 carretera Tuxtla Gutiérrez - Cañón del Sumidero. Parque Nacional Cañón del Sumidero","370698577","CZRMA",NA,"2004-11-11T00:00:00.000+0000",1243,"TUXTLA GUTIERREZ","Riechers-Pérez, A.",NA
"Cryptotis mexicana",-98.648,21.033,"bri,gass84,txmathi","gbif",370517332,"7fc57fd0-f762-11e1-a439-00145eb45e9a","ff90b050-c256-11db-b71b-b8a03c50a862","MX","DIGIR","2016-01-28T22:09:34.412+0000","2014-10-07T05:01:43.342+0000",6,"UNKNOWN",NA,5219495,1,44,359,803,5534,2435817,"Cryptotis mexicana (Coues, 1877)","Animalia","Chordata","Soricomorpha","Soricidae","Cryptotis","Cryptotis","mexicana","SPECIES",NA,"Hidalgo",1997,4,7,1997-04-07,"2016-08-04T03:32:06.432+0000","http://creativecommons.org/licenses/by-nc/4.0/legalcode","WGS84","Mammalia","MX","Mexico",NA,NA,NA,"J. A. Villalpando","39732",NA,"ENCB","4 Km NE Tlanchinol","370517332","ENCB",NA,"2004-06-30T00:00:00.000+0000",1470,"TLANCHINOL","T. Álvarez & N. González R.",NA
"Cryptotis mexicana",-98.648,21.033,"bri,gass84,txmathi","gbif",370517240,"7fc57fd0-f762-11e1-a439-00145eb45e9a","ff90b050-c256-11db-b71b-b8a03c50a862","MX","DIGIR","2016-01-28T22:09:34.418+0000","2014-10-07T05:01:43.324+0000",6,"UNKNOWN",NA,5219495,1,44,359,803,5534,2435817,"Cryptotis mexicana (Coues, 1877)","Animalia","Chordata","Soricomorpha","Soricidae","Cryptotis","Cryptotis","mexicana","SPECIES",NA,"Hidalgo",1997,6,7,1997-06-07,"2016-08-04T03:32:06.612+0000","http://creativecommons.org/licenses/by-nc/4.0/legalcode","WGS84","Mammalia","MX","Mexico",NA,NA,NA,"J. A. Villalpando","39728",NA,"ENCB","4 Km NE Tlanchinol","370517240","ENCB",NA,"2004-06-30T00:00:00.000+0000",1470,"TLANCHINOL","T. Álvarez & N. González R.",NA
"Cryptotis mexicana",-98.648,21.033,"bri,gass84,txmathi","gbif",370517276,"7fc57fd0-f762-11e1-a439-00145eb45e9a","ff90b050-c256-11db-b71b-b8a03c50a862","MX","DIGIR","2016-01-28T22:09:34.416+0000","2014-10-07T05:01:43.364+0000",6,"UNKNOWN",NA,5219495,1,44,359,803,5534,2435817,"Cryptotis mexicana (Coues, 1877)","Animalia","Chordata","Soricomorpha","Soricidae","Cryptotis","Cryptotis","mexicana","SPECIES",NA,"Hidalgo",1997,6,7,1997-06-07,"2016-08-04T03:32:06.524+0000","http://creativecommons.org/licenses/by-nc/4.0/legalcode","WGS84","Mammalia","MX","Mexico",NA,NA,NA,"J. A. Villalpando","39730",NA,"ENCB","4 Km NE Tlanchinol","370517276","ENCB",NA,"2004-06-30T00:00:00.000+0000",1470,"TLANCHINOL","T. Álvarez & N. González R.",NA
"Cryptotis mexicana",-98.648,21.033,"bri,gass84,txmathi","gbif",370517261,"7fc57fd0-f762-11e1-a439-00145eb45e9a","ff90b050-c256-11db-b71b-b8a03c50a862","MX","DIGIR","2016-01-28T22:09:34.419+0000","2014-10-07T05:01:43.342+0000",6,"UNKNOWN",NA,5219495,1,44,359,803,5534,2435817,"Cryptotis mexicana (Coues, 1877)","Animalia","Chordata","Soricomorpha","Soricidae","Cryptotis","Cryptotis","mexicana","SPECIES",NA,"Hidalgo",1997,6,7,1997-06-07,"2016-08-04T03:32:06.493+0000","http://creativecommons.org/licenses/by-nc/4.0/legalcode","WGS84","Mammalia","MX","Mexico",NA,NA,NA,"J. A. Villalpando","39729",NA,"ENCB","4 Km NE Tlanchinol","370517261","ENCB",NA,"2004-06-30T00:00:00.000+0000",1470,"TLANCHINOL","T. Álvarez & N. González R.",NA
"Cryptotis mexicana",-98.648,21.033,"bri,gass84,txmathi","gbif",370517297,"7fc57fd0-f762-11e1-a439-00145eb45e9a","ff90b050-c256-11db-b71b-b8a03c50a862","MX","DIGIR","2016-01-28T22:09:34.419+0000","2014-10-07T05:01:43.366+0000",6,"UNKNOWN",NA,5219495,1,44,359,803,5534,2435817,"Cryptotis mexicana (Coues, 1877)","Animalia","Chordata","Soricomorpha","Soricidae","Cryptotis","Cryptotis","mexicana","SPECIES",NA,"Hidalgo",1997,6,7,1997-06-07,"2016-08-04T03:32:06.491+0000","http://creativecommons.org/licenses/by-nc/4.0/legalcode","WGS84","Mammalia","MX","Mexico",NA,NA,NA,"J. A. Villalpando","39731",NA,"ENCB","4 Km NE Tlanchinol","370517297","ENCB",NA,"2004-06-30T00:00:00.000+0000",1470,"TLANCHINOL","T. Álvarez & N. González R.",NA
"Cryptotis mexicana",-98.648,21.033,"bri,gass84,txmathi","gbif",370517223,"7fc57fd0-f762-11e1-a439-00145eb45e9a","ff90b050-c256-11db-b71b-b8a03c50a862","MX","DIGIR","2016-01-28T22:09:34.426+0000","2014-10-07T05:01:43.365+0000",6,"UNKNOWN",NA,5219495,1,44,359,803,5534,2435817,"Cryptotis mexicana (Coues, 1877)","Animalia","Chordata","Soricomorpha","Soricidae","Cryptotis","Cryptotis","mexicana","SPECIES",NA,"Hidalgo",1997,6,7,1997-06-07,"2016-08-04T03:32:06.513+0000","http://creativecommons.org/licenses/by-nc/4.0/legalcode","WGS84","Mammalia","MX","Mexico",NA,NA,NA,"J. A. Villalpando","39727",NA,"ENCB","4 Km NE Tlanchinol","370517223","ENCB",NA,"2004-06-30T00:00:00.000+0000",1470,"TLANCHINOL","T. Álvarez & N. González R.",NA
"Cryptotis mexicana",-93.101,17.116,"bri,gass84","gbif",371187424,"805bbcde-f762-11e1-a439-00145eb45e9a","ff90b050-c256-11db-b71b-b8a03c50a862","MX","DIGIR","2016-01-28T22:25:48.392+0000","2014-10-07T07:58:10.582+0000",6,"UNKNOWN",NA,5219495,1,44,359,803,5534,2435817,"Cryptotis mexicana (Coues, 1877)","Animalia","Chordata","Soricomorpha","Soricidae","Cryptotis","Cryptotis","mexicana","SPECIES",NA,"Chiapas",1996,11,28,1996-11-28,"2016-08-04T03:39:32.348+0000","http://creativecommons.org/licenses/by-nc/4.0/legalcode","WGS84","Mammalia","MX","Mexico",NA,NA,NA,"Martinez, C. M.","1204 / 298118 / U014",NA,"UNICACH","Rancho El Molino, 3.5 Km N, 2.5 Km E de Coapilla.","371187424","MZUNICAH",NA,NA,NA,"COAPILLA",NA,NA
"Cryptotis mexicana",-96.927,19.54,"bri,gass84,txmathi","gbif",370517271,"7fe6b042-f762-11e1-a439-00145eb45e9a","ff90b050-c256-11db-b71b-b8a03c50a862","MX","DIGIR","2016-01-28T22:17:23.752+0000","2014-10-07T04:43:50.851+0000",6,"UNKNOWN",NA,5219495,1,44,359,803,5534,2435817,"Cryptotis mexicana (Coues, 1877)","Animalia","Chordata","Soricomorpha","Soricidae","Cryptotis","Cryptotis","mexicana","SPECIES",NA,"Veracruz",1995,2,NA,1995-02-01,"2016-08-04T03:37:06.357+0000","http://creativecommons.org/licenses/by-nc/4.0/legalcode","WGS84","Mammalia","MX","Mexico",NA,NA,NA,"A. Ocaña","38562",NA,"ENCB","Las Animas, Jalapa","370517271","ENCB",NA,"2005-05-30T00:00:00.000+0000",NA,"XALAPA","J. C. López V. & C. Elizalde",NA
"Cryptotis mexicana",-98.73222,20.97083,"bri,cdround,gass84,txmathi","gbif",96183975,"85c2c776-f762-11e1-a439-00145eb45e9a","ff90b050-c256-11db-b71b-b8a03c50a862","MX","DIGIR","2016-01-28T22:07:03.696+0000","2014-10-07T04:27:33.384+0000",5,"UNKNOWN",NA,5219495,1,44,359,803,5534,2435817,"Cryptotis mexicana (Coues, 1877)","Animalia","Chordata","Soricomorpha","Soricidae","Cryptotis","Cryptotis","mexicana","SPECIES",NA,"Hidalgo",1995,2,22,1995-02-22,"2016-08-04T08:28:57.654+0000","http://creativecommons.org/licenses/by-nc/4.0/legalcode","WGS84","Mammalia","MX","Mexico",NA,NA,NA,"J. Patiño R.","13234",NA,"UAMI",NA,"96183975","UAMI",NA,NA,NA,"TEPEHUACÁN DE GUERRERO","J. Ramírez P.",1040
"Cryptotis mexicana",-98.706,20.965,"bri,gass84,txmathi","gbif",346642800,"7bd97520-f762-11e1-a439-00145eb45e9a","ff90b050-c256-11db-b71b-b8a03c50a862","MX","DIGIR","2013-09-07T07:07:11.000+0000",NA,1,"UNKNOWN",NA,5219495,1,44,359,803,5534,2435817,"Cryptotis mexicana (Coues, 1877)","Animalia","Chordata","Soricomorpha","Soricidae","Cryptotis","Cryptotis","mexicana","SPECIES",NA,"Hidalgo",1995,2,20,1995-02-20,"2016-08-04T03:07:51.383+0000","http://creativecommons.org/licenses/by-nc/4.0/legalcode","WGS84","Mammalia","MX","Mexico",NA,NA,NA,"J. Patiño R.","13235",NA,"UAMI",NA,"346642800","UAMI",NA,NA,NA,"TEPEHUACÁN DE GUERRERO","J. Ramírez P.",1170
"Cryptotis mexicana",-96.927,19.54,"bri,gass84,txmathi","gbif",370517428,"7fe6b042-f762-11e1-a439-00145eb45e9a","ff90b050-c256-11db-b71b-b8a03c50a862","MX","DIGIR","2016-01-28T22:17:23.791+0000","2014-10-07T04:43:50.849+0000",6,"UNKNOWN",NA,5219495,1,44,359,803,5534,2435817,"Cryptotis mexicana (Coues, 1877)","Animalia","Chordata","Soricomorpha","Soricidae","Cryptotis","Cryptotis","mexicana","SPECIES",NA,"Veracruz",1995,2,NA,1995-02-01,"2016-08-04T03:37:06.033+0000","http://creativecommons.org/licenses/by-nc/4.0/legalcode","WGS84","Mammalia","MX","Mexico",NA,NA,NA,"A. Ocaña","39646",NA,"ENCB","Las Animas, Jalapa","370517428","ENCB",NA,"2005-05-30T00:00:00.000+0000",NA,"XALAPA","J. C. López V. & C. Elizalde",NA
"Cryptotis mexicana",-96.927,19.54,"bri,gass84,txmathi","gbif",370517286,"7fe6b042-f762-11e1-a439-00145eb45e9a","ff90b050-c256-11db-b71b-b8a03c50a862","MX","DIGIR","2016-01-28T22:17:23.766+0000","2014-10-07T04:43:50.860+0000",6,"UNKNOWN",NA,5219495,1,44,359,803,5534,2435817,"Cryptotis mexicana (Coues, 1877)","Animalia","Chordata","Soricomorpha","Soricidae","Cryptotis","Cryptotis","mexicana","SPECIES",NA,"Veracruz",1995,2,NA,1995-02-01,"2016-08-04T03:37:06.032+0000","http://creativecommons.org/licenses/by-nc/4.0/legalcode","WGS84","Mammalia","MX","Mexico",NA,NA,NA,"A. Ocaña","38563",NA,"ENCB","Las Animas, Jalapa","370517286","ENCB",NA,"2005-05-30T00:00:00.000+0000",NA,"XALAPA","J. C. López V. & C. Elizalde",NA
"Cryptotis mexicana",-98.70583,20.96472,"bri,cdround,gass84,txmathi","gbif",96183976,"85c2c776-f762-11e1-a439-00145eb45e9a","ff90b050-c256-11db-b71b-b8a03c50a862","MX","DIGIR","2016-01-28T22:07:03.696+0000","2014-10-07T04:27:33.290+0000",5,"UNKNOWN",NA,5219495,1,44,359,803,5534,2435817,"Cryptotis mexicana (Coues, 1877)","Animalia","Chordata","Soricomorpha","Soricidae","Cryptotis","Cryptotis","mexicana","SPECIES",NA,"Hidalgo",1995,2,20,1995-02-20,"2016-08-04T08:28:57.654+0000","http://creativecommons.org/licenses/by-nc/4.0/legalcode","WGS84","Mammalia","MX","Mexico",NA,NA,NA,"J. Patiño R.","13235",NA,"UAMI",NA,"96183976","UAMI",NA,NA,NA,"TEPEHUACÁN DE GUERRERO","J. Ramírez P.",1170
"Cryptotis mexicana",-96.927,19.54,"bri,gass84,txmathi","gbif",370517256,"7fe6b042-f762-11e1-a439-00145eb45e9a","ff90b050-c256-11db-b71b-b8a03c50a862","MX","DIGIR","2016-01-28T22:17:23.769+0000","2014-10-07T04:43:50.843+0000",6,"UNKNOWN",NA,5219495,1,44,359,803,5534,2435817,"Cryptotis mexicana (Coues, 1877)","Animalia","Chordata","Soricomorpha","Soricidae","Cryptotis","Cryptotis","mexicana","SPECIES",NA,"Veracruz",1995,2,NA,1995-02-01,"2016-08-04T03:37:06.368+0000","http://creativecommons.org/licenses/by-nc/4.0/legalcode","WGS84","Mammalia","MX","Mexico",NA,NA,NA,"A. Ocaña","38561",NA,"ENCB","Las Animas, Jalapa","370517256","ENCB",NA,"2005-05-30T00:00:00.000+0000",NA,"XALAPA","J. C. López V. & C. Elizalde",NA
"Cryptotis mexicana",-98.732,20.971,"bri,gass84,txmathi","gbif",346642799,"7bd97520-f762-11e1-a439-00145eb45e9a","ff90b050-c256-11db-b71b-b8a03c50a862","MX","DIGIR","2013-09-07T07:07:11.000+0000",NA,1,"UNKNOWN",NA,5219495,1,44,359,803,5534,2435817,"Cryptotis mexicana (Coues, 1877)","Animalia","Chordata","Soricomorpha","Soricidae","Cryptotis","Cryptotis","mexicana","SPECIES",NA,"Hidalgo",1995,2,22,1995-02-22,"2016-08-04T03:07:51.341+0000","http://creativecommons.org/licenses/by-nc/4.0/legalcode","WGS84","Mammalia","MX","Mexico",NA,NA,NA,"J. Patiño R.","13234",NA,"UAMI",NA,"346642799","UAMI",NA,NA,NA,"TEPEHUACÁN DE GUERRERO","J. Ramírez P.",1040
"Cryptotis mexicana",-96.927,19.54,"bri,gass84,txmathi","gbif",370517305,"7fe6b042-f762-11e1-a439-00145eb45e9a","ff90b050-c256-11db-b71b-b8a03c50a862","MX","DIGIR","2016-01-28T22:17:23.763+0000","2014-10-07T04:43:50.823+0000",6,"UNKNOWN",NA,5219495,1,44,359,803,5534,2435817,"Cryptotis mexicana (Coues, 1877)","Animalia","Chordata","Soricomorpha","Soricidae","Cryptotis","Cryptotis","mexicana","SPECIES",NA,"Veracruz",1995,2,NA,1995-02-01,"2016-08-04T03:37:06.045+0000","http://creativecommons.org/licenses/by-nc/4.0/legalcode","WGS84","Mammalia","MX","Mexico",NA,NA,NA,"A. Ocaña","38564",NA,"ENCB","Las Animas, Jalapa","370517305","ENCB",NA,"2005-05-30T00:00:00.000+0000",NA,"XALAPA","J. C. López V. & C. Elizalde",NA
"Cryptotis mexicana",-96.927,19.54,"bri,gass84,txmathi","gbif",370517407,"7fe6b042-f762-11e1-a439-00145eb45e9a","ff90b050-c256-11db-b71b-b8a03c50a862","MX","DIGIR","2016-01-28T22:17:23.772+0000","2014-10-07T04:43:50.833+0000",6,"UNKNOWN",NA,5219495,1,44,359,803,5534,2435817,"Cryptotis mexicana (Coues, 1877)","Animalia","Chordata","Soricomorpha","Soricidae","Cryptotis","Cryptotis","mexicana","SPECIES",NA,"Veracruz",1995,2,NA,1995-02-01,"2016-08-04T03:37:06.038+0000","http://creativecommons.org/licenses/by-nc/4.0/legalcode","WGS84","Mammalia","MX","Mexico",NA,NA,NA,"A. Ocaña","39645",NA,"ENCB","Las Animas, Jalapa","370517407","ENCB",NA,"2005-05-30T00:00:00.000+0000",NA,"XALAPA","J. C. López V. & C. Elizalde",NA
"Cryptotis mexicana",-96.927,19.54,"bri,gass84,txmathi","gbif",370517362,"7fe6b042-f762-11e1-a439-00145eb45e9a","ff90b050-c256-11db-b71b-b8a03c50a862","MX","DIGIR","2016-01-28T22:17:23.770+0000","2014-10-07T04:43:50.859+0000",6,"UNKNOWN",NA,5219495,1,44,359,803,5534,2435817,"Cryptotis mexicana (Coues, 1877)","Animalia","Chordata","Soricomorpha","Soricidae","Cryptotis","Cryptotis","mexicana","SPECIES",NA,"Veracruz",1995,2,NA,1995-02-01,"2016-08-04T03:37:06.101+0000","http://creativecommons.org/licenses/by-nc/4.0/legalcode","WGS84","Mammalia","MX","Mexico",NA,NA,NA,"A. Ocaña","39643",NA,"ENCB","Las Animas, Jalapa","370517362","ENCB",NA,"2005-05-30T00:00:00.000+0000",NA,"XALAPA","J. C. López V. & C. Elizalde",NA
"Cryptotis mexicana",-96.927,19.54,"bri,gass84,txmathi","gbif",370517390,"7fe6b042-f762-11e1-a439-00145eb45e9a","ff90b050-c256-11db-b71b-b8a03c50a862","MX","DIGIR","2016-01-28T22:17:23.796+0000","2014-10-07T04:43:50.826+0000",6,"UNKNOWN",NA,5219495,1,44,359,803,5534,2435817,"Cryptotis mexicana (Coues, 1877)","Animalia","Chordata","Soricomorpha","Soricidae","Cryptotis","Cryptotis","mexicana","SPECIES",NA,"Veracruz",1995,2,NA,1995-02-01,"2016-08-04T03:37:06.090+0000","http://creativecommons.org/licenses/by-nc/4.0/legalcode","WGS84","Mammalia","MX","Mexico",NA,NA,NA,"A. Ocaña","39644",NA,"ENCB","Las Animas, Jalapa","370517390","ENCB",NA,"2005-05-30T00:00:00.000+0000",NA,"XALAPA","J. C. López V. & C. Elizalde",NA
"Cryptotis mexicana",-96.927,19.54,"bri,gass84,txmathi","gbif",370517328,"7fe6b042-f762-11e1-a439-00145eb45e9a","ff90b050-c256-11db-b71b-b8a03c50a862","MX","DIGIR","2016-01-28T22:17:23.757+0000","2014-10-07T04:43:50.842+0000",6,"UNKNOWN",NA,5219495,1,44,359,803,5534,2435817,"Cryptotis mexicana (Coues, 1877)","Animalia","Chordata","Soricomorpha","Soricidae","Cryptotis","Cryptotis","mexicana","SPECIES",NA,"Veracruz",1995,2,NA,1995-02-01,"2016-08-04T03:37:06.124+0000","http://creativecommons.org/licenses/by-nc/4.0/legalcode","WGS84","Mammalia","MX","Mexico",NA,NA,NA,"A. Ocaña","39641",NA,"ENCB","Las Animas, Jalapa","370517328","ENCB",NA,"2005-05-30T00:00:00.000+0000",NA,"XALAPA","J. C. López V. & C. Elizalde",NA
"Cryptotis mexicana",-96.927,19.54,"bri,gass84,txmathi","gbif",370517346,"7fe6b042-f762-11e1-a439-00145eb45e9a","ff90b050-c256-11db-b71b-b8a03c50a862","MX","DIGIR","2016-01-28T22:17:23.801+0000","2014-10-07T04:43:50.858+0000",6,"UNKNOWN",NA,5219495,1,44,359,803,5534,2435817,"Cryptotis mexicana (Coues, 1877)","Animalia","Chordata","Soricomorpha","Soricidae","Cryptotis","Cryptotis","mexicana","SPECIES",NA,"Veracruz",1995,2,NA,1995-02-01,"2016-08-04T03:37:06.019+0000","http://creativecommons.org/licenses/by-nc/4.0/legalcode","WGS84","Mammalia","MX","Mexico",NA,NA,NA,"A. Ocaña","39642",NA,"ENCB","Las Animas, Jalapa","370517346","ENCB",NA,"2005-05-30T00:00:00.000+0000",NA,"XALAPA","J. C. López V. & C. Elizalde",NA
"Cryptotis mexicana",-96.927,19.54,"bri,gass84,txmathi","gbif",370517236,"7fe6b042-f762-11e1-a439-00145eb45e9a","ff90b050-c256-11db-b71b-b8a03c50a862","MX","DIGIR","2016-01-28T22:17:23.752+0000","2014-10-07T04:43:50.825+0000",6,"UNKNOWN",NA,5219495,1,44,359,803,5534,2435817,"Cryptotis mexicana (Coues, 1877)","Animalia","Chordata","Soricomorpha","Soricidae","Cryptotis","Cryptotis","mexicana","SPECIES",NA,"Veracruz",1995,2,NA,1995-02-01,"2016-08-04T03:37:06.138+0000","http://creativecommons.org/licenses/by-nc/4.0/legalcode","WGS84","Mammalia","MX","Mexico",NA,NA,NA,"A. Ocaña","38560",NA,"ENCB","Las Animas, Jalapa","370517236","ENCB",NA,"2005-05-30T00:00:00.000+0000",NA,"XALAPA","J. C. López V. & C. Elizalde",NA
"Cryptotis mexicana",-96.8425,18.16861,"bri,cdround,gass84,txmathi","gbif",96183955,"85c2c776-f762-11e1-a439-00145eb45e9a","ff90b050-c256-11db-b71b-b8a03c50a862","MX","DIGIR","2016-01-28T22:07:03.688+0000","2014-10-07T04:27:33.285+0000",5,"UNKNOWN",NA,5219495,1,44,359,803,5534,2435817,"Cryptotis mexicana (Coues, 1877)","Animalia","Chordata","Soricomorpha","Soricidae","Cryptotis","Cryptotis","mexicana","SPECIES",NA,"Oaxaca",1995,3,20,1995-03-20,"2016-08-04T08:28:56.697+0000","http://creativecommons.org/licenses/by-nc/4.0/legalcode","WGS84","Mammalia","MX","Mexico",NA,NA,NA,"B. Vieyra R.","13214",NA,"UAMI",NA,"96183955","UAMI",NA,NA,NA,"HUAUTLA DE JIMÉNEZ","J. Ramírez P.",1120
"Cryptotis mexicana",-96.842,18.169,"bri,gass84,txmathi","gbif",346642737,"7bd97520-f762-11e1-a439-00145eb45e9a","ff90b050-c256-11db-b71b-b8a03c50a862","MX","DIGIR","2013-09-07T07:07:11.000+0000",NA,1,"UNKNOWN",NA,5219495,1,44,359,803,5534,2435817,"Cryptotis mexicana (Coues, 1877)","Animalia","Chordata","Soricomorpha","Soricidae","Cryptotis","Cryptotis","mexicana","SPECIES",NA,"Oaxaca",1995,3,20,1995-03-20,"2016-08-04T03:07:51.325+0000","http://creativecommons.org/licenses/by-nc/4.0/legalcode","WGS84","Mammalia","MX","Mexico",NA,NA,NA,"B. Vieyra R.","13214",NA,"UAMI",NA,"346642737","UAMI",NA,NA,NA,"HUAUTLA DE JIMÉNEZ","J. Ramírez P.",1120
"Cryptotis mexicana",-98.90056,21.16944,"bri,cdround,gass84,txmathi","gbif",96183974,"85c2c776-f762-11e1-a439-00145eb45e9a","ff90b050-c256-11db-b71b-b8a03c50a862","MX","DIGIR","2016-01-28T22:07:03.697+0000","2014-10-07T04:27:33.278+0000",5,"UNKNOWN",NA,5219495,1,44,359,803,5534,2435817,"Cryptotis mexicana (Coues, 1877)","Animalia","Chordata","Soricomorpha","Soricidae","Cryptotis","Cryptotis","mexicana","SPECIES",NA,"Hidalgo",1995,4,23,1995-04-23,"2016-08-04T08:28:57.882+0000","http://creativecommons.org/licenses/by-nc/4.0/legalcode","WGS84","Mammalia","MX","Mexico",NA,NA,NA,"J. Patiño R.","13233",NA,"UAMI",NA,"96183974","UAMI",NA,NA,NA,"CHAPULHUACÁN","J. Ramírez P.",900
"Cryptotis mexicana",-95.941,17.38,"bri,gass84,txmathi","gbif",370511415,"7fe6b042-f762-11e1-a439-00145eb45e9a","ff90b050-c256-11db-b71b-b8a03c50a862","MX","DIGIR","2016-01-28T22:17:23.758+0000","2014-10-07T04:43:50.821+0000",6,"UNKNOWN",NA,5219495,1,44,359,803,5534,2435817,"Cryptotis mexicana (Coues, 1877)","Animalia","Chordata","Soricomorpha","Soricidae","Cryptotis","Cryptotis","mexicana","SPECIES",NA,"Oaxaca",1995,4,14,1995-04-14,"2016-08-04T03:37:05.363+0000","http://creativecommons.org/licenses/by-nc/4.0/legalcode","WGS84","Mammalia","MX","Mexico",NA,NA,NA,"J. C. López V.","38588",NA,"ENCB","3 km NW Choapan","370511415","ENCB",NA,"2005-05-30T00:00:00.000+0000",NA,"SANTIAGO CHOAPAM","J. C. López V. & C. Elizalde",NA
"Cryptotis mexicana",-98.901,21.169,"bri,gass84,txmathi","gbif",346642793,"7bd97520-f762-11e1-a439-00145eb45e9a","ff90b050-c256-11db-b71b-b8a03c50a862","MX","DIGIR","2013-09-07T07:07:11.000+0000",NA,1,"UNKNOWN",NA,5219495,1,44,359,803,5534,2435817,"Cryptotis mexicana (Coues, 1877)","Animalia","Chordata","Soricomorpha","Soricidae","Cryptotis","Cryptotis","mexicana","SPECIES",NA,"Hidalgo",1995,4,23,1995-04-23,"2016-08-04T03:07:51.341+0000","http://creativecommons.org/licenses/by-nc/4.0/legalcode","WGS84","Mammalia","MX","Mexico",NA,NA,NA,"J. Patiño R.","13233",NA,"UAMI",NA,"346642793","UAMI",NA,NA,NA,"CHAPULHUACÁN","J. Ramírez P.",900
"Cryptotis mexicana",-93.125,17.086,"bri,gass84","gbif",371187407,"805bbcde-f762-11e1-a439-00145eb45e9a","ff90b050-c256-11db-b71b-b8a03c50a862","MX","DIGIR","2016-01-28T22:25:48.423+0000","2014-10-07T07:58:10.608+0000",6,"UNKNOWN",NA,5219495,1,44,359,803,5534,2435817,"Cryptotis mexicana (Coues, 1877)","Animalia","Chordata","Soricomorpha","Soricidae","Cryptotis","Cryptotis","mexicana","SPECIES",NA,"Chiapas",1995,9,27,1995-09-27,"2016-08-04T03:39:32.158+0000","http://creativecommons.org/licenses/by-nc/4.0/legalcode","WGS84","Mammalia","MX","Mexico",NA,NA,NA,"Vidal, L. R.","1091 / 297881 / U014",NA,"UNICACH","Centro Piscícola La Pesca, Coapilla","371187407","MZUNICAH",NA,NA,NA,"COAPILLA",NA,NA
"Cryptotis mexicana",-97.361,19.897,"bri,gass84,txmathi","gbif",346642748,"7bd97520-f762-11e1-a439-00145eb45e9a","ff90b050-c256-11db-b71b-b8a03c50a862","MX","DIGIR","2013-09-07T07:07:11.000+0000",NA,1,"UNKNOWN",NA,5219495,1,44,359,803,5534,2435817,"Cryptotis mexicana (Coues, 1877)","Animalia","Chordata","Soricomorpha","Soricidae","Cryptotis","Cryptotis","mexicana","SPECIES",NA,"Puebla",1994,9,10,1994-09-10,"2016-08-04T03:07:51.567+0000","http://creativecommons.org/licenses/by-nc/4.0/legalcode","WGS84","Mammalia","MX","Mexico",NA,NA,NA,"E. González C.","13219",NA,"UAMI",NA,"346642748","UAMI",NA,NA,NA,"ACATENO","J. Ramírez P.",1560
"Cryptotis mexicana",-97.36139,19.89694,"bri,cdround,gass84,txmathi","gbif",96183960,"85c2c776-f762-11e1-a439-00145eb45e9a","ff90b050-c256-11db-b71b-b8a03c50a862","MX","DIGIR","2016-01-28T22:07:03.699+0000","2014-10-07T04:27:33.251+0000",5,"UNKNOWN",NA,5219495,1,44,359,803,5534,2435817,"Cryptotis mexicana (Coues, 1877)","Animalia","Chordata","Soricomorpha","Soricidae","Cryptotis","Cryptotis","mexicana","SPECIES",NA,"Puebla",1994,9,10,1994-09-10,"2016-08-04T08:28:57.424+0000","http://creativecommons.org/licenses/by-nc/4.0/legalcode","WGS84","Mammalia","MX","Mexico",NA,NA,NA,"E. González C.","13219",NA,"UAMI",NA,"96183960","UAMI",NA,NA,NA,"ACATENO","J. Ramírez P.",1560
"Cryptotis mexicana",-97.40056,19.89556,"bri,cdround,gass84,txmathi","gbif",96183958,"85c2c776-f762-11e1-a439-00145eb45e9a","ff90b050-c256-11db-b71b-b8a03c50a862","MX","DIGIR","2016-01-28T22:07:03.688+0000","2014-10-07T04:27:33.218+0000",5,"UNKNOWN",NA,5219495,1,44,359,803,5534,2435817,"Cryptotis mexicana (Coues, 1877)","Animalia","Chordata","Soricomorpha","Soricidae","Cryptotis","Cryptotis","mexicana","SPECIES",NA,"Puebla",1994,10,17,1994-10-17,"2016-08-04T08:28:57.520+0000","http://creativecommons.org/licenses/by-nc/4.0/legalcode","WGS84","Mammalia","MX","Mexico",NA,NA,NA,"B. Vieyra R.","13217",NA,"UAMI",NA,"96183958","UAMI",NA,NA,NA,"TEZIUTLÁN","J. Ramírez P.",1710
"Cryptotis mexicana",-97.40056,19.89556,"bri,cdround,gass84,txmathi","gbif",96183959,"85c2c776-f762-11e1-a439-00145eb45e9a","ff90b050-c256-11db-b71b-b8a03c50a862","MX","DIGIR","2016-01-28T22:07:03.687+0000","2014-10-07T04:27:33.256+0000",5,"UNKNOWN",NA,5219495,1,44,359,803,5534,2435817,"Cryptotis mexicana (Coues, 1877)","Animalia","Chordata","Soricomorpha","Soricidae","Cryptotis","Cryptotis","mexicana","SPECIES",NA,"Puebla",1994,10,17,1994-10-17,"2016-08-04T08:28:57.507+0000","http://creativecommons.org/licenses/by-nc/4.0/legalcode","WGS84","Mammalia","MX","Mexico",NA,NA,NA,"B. Vieyra R.","13218",NA,"UAMI",NA,"96183959","UAMI",NA,NA,NA,"TEZIUTLÁN","J. Ramírez P.",1710
"Cryptotis mexicana",-97.401,19.896,"bri,gass84,txmathi","gbif",346642746,"7bd97520-f762-11e1-a439-00145eb45e9a","ff90b050-c256-11db-b71b-b8a03c50a862","MX","DIGIR","2013-09-07T07:07:11.000+0000",NA,1,"UNKNOWN",NA,5219495,1,44,359,803,5534,2435817,"Cryptotis mexicana (Coues, 1877)","Animalia","Chordata","Soricomorpha","Soricidae","Cryptotis","Cryptotis","mexicana","SPECIES",NA,"Puebla",1994,10,17,1994-10-17,"2016-08-04T03:07:51.332+0000","http://creativecommons.org/licenses/by-nc/4.0/legalcode","WGS84","Mammalia","MX","Mexico",NA,NA,NA,"B. Vieyra R.","13218",NA,"UAMI",NA,"346642746","UAMI",NA,NA,NA,"TEZIUTLÁN","J. Ramírez P.",1710
"Cryptotis mexicana",-97.401,19.896,"bri,gass84,txmathi","gbif",346642739,"7bd97520-f762-11e1-a439-00145eb45e9a","ff90b050-c256-11db-b71b-b8a03c50a862","MX","DIGIR","2013-09-07T07:07:11.000+0000",NA,1,"UNKNOWN",NA,5219495,1,44,359,803,5534,2435817,"Cryptotis mexicana (Coues, 1877)","Animalia","Chordata","Soricomorpha","Soricidae","Cryptotis","Cryptotis","mexicana","SPECIES",NA,"Puebla",1994,10,17,1994-10-17,"2016-08-04T03:07:51.583+0000","http://creativecommons.org/licenses/by-nc/4.0/legalcode","WGS84","Mammalia","MX","Mexico",NA,NA,NA,"B. Vieyra R.","13215",NA,"UAMI",NA,"346642739","UAMI",NA,NA,NA,"TEZIUTLÁN","J. Ramírez P.",1710
"Cryptotis mexicana",-97.401,19.896,"bri,gass84,txmathi","gbif",346642742,"7bd97520-f762-11e1-a439-00145eb45e9a","ff90b050-c256-11db-b71b-b8a03c50a862","MX","DIGIR","2013-09-07T07:07:11.000+0000",NA,1,"UNKNOWN",NA,5219495,1,44,359,803,5534,2435817,"Cryptotis mexicana (Coues, 1877)","Animalia","Chordata","Soricomorpha","Soricidae","Cryptotis","Cryptotis","mexicana","SPECIES",NA,"Puebla",1994,10,17,1994-10-17,"2016-08-04T03:07:51.328+0000","http://creativecommons.org/licenses/by-nc/4.0/legalcode","WGS84","Mammalia","MX","Mexico",NA,NA,NA,"B. Vieyra R.","13216",NA,"UAMI",NA,"346642742","UAMI",NA,NA,NA,"TEZIUTLÁN","J. Ramírez P.",1710
"Cryptotis mexicana",-97.401,19.896,"bri,gass84,txmathi","gbif",346642743,"7bd97520-f762-11e1-a439-00145eb45e9a","ff90b050-c256-11db-b71b-b8a03c50a862","MX","DIGIR","2013-09-07T07:07:11.000+0000",NA,1,"UNKNOWN",NA,5219495,1,44,359,803,5534,2435817,"Cryptotis mexicana (Coues, 1877)","Animalia","Chordata","Soricomorpha","Soricidae","Cryptotis","Cryptotis","mexicana","SPECIES",NA,"Puebla",1994,10,17,1994-10-17,"2016-08-04T03:07:51.338+0000","http://creativecommons.org/licenses/by-nc/4.0/legalcode","WGS84","Mammalia","MX","Mexico",NA,NA,NA,"B. Vieyra R.","13217",NA,"UAMI",NA,"346642743","UAMI",NA,NA,NA,"TEZIUTLÁN","J. Ramírez P.",1710
"Cryptotis mexicana",-97.40056,19.89556,"bri,cdround,gass84,txmathi","gbif",96183957,"85c2c776-f762-11e1-a439-00145eb45e9a","ff90b050-c256-11db-b71b-b8a03c50a862","MX","DIGIR","2016-01-28T22:07:03.687+0000","2014-10-07T04:27:33.199+0000",5,"UNKNOWN",NA,5219495,1,44,359,803,5534,2435817,"Cryptotis mexicana (Coues, 1877)","Animalia","Chordata","Soricomorpha","Soricidae","Cryptotis","Cryptotis","mexicana","SPECIES",NA,"Puebla",1994,10,17,1994-10-17,"2016-08-04T08:28:57.552+0000","http://creativecommons.org/licenses/by-nc/4.0/legalcode","WGS84","Mammalia","MX","Mexico",NA,NA,NA,"B. Vieyra R.","13216",NA,"UAMI",NA,"96183957","UAMI",NA,NA,NA,"TEZIUTLÁN","J. Ramírez P.",1710
"Cryptotis mexicana",-97.36139,19.89694,"bri,cdround,gass84,txmathi","gbif",96183961,"85c2c776-f762-11e1-a439-00145eb45e9a","ff90b050-c256-11db-b71b-b8a03c50a862","MX","DIGIR","2016-01-28T22:07:03.692+0000","2014-10-07T04:27:33.235+0000",5,"UNKNOWN",NA,5219495,1,44,359,803,5534,2435817,"Cryptotis mexicana (Coues, 1877)","Animalia","Chordata","Soricomorpha","Soricidae","Cryptotis","Cryptotis","mexicana","SPECIES",NA,"Puebla",1994,10,16,1994-10-16,"2016-08-04T08:28:57.540+0000","http://creativecommons.org/licenses/by-nc/4.0/legalcode","WGS84","Mammalia","MX","Mexico",NA,NA,NA,"J. Patiño R.","13220",NA,"UAMI",NA,"96183961","UAMI",NA,NA,NA,"ACATENO","J. Ramírez P.",1560
"Cryptotis mexicana",-97.361,19.897,"bri,gass84,txmathi","gbif",346642752,"7bd97520-f762-11e1-a439-00145eb45e9a","ff90b050-c256-11db-b71b-b8a03c50a862","MX","DIGIR","2013-09-07T07:07:11.000+0000",NA,1,"UNKNOWN",NA,5219495,1,44,359,803,5534,2435817,"Cryptotis mexicana (Coues, 1877)","Animalia","Chordata","Soricomorpha","Soricidae","Cryptotis","Cryptotis","mexicana","SPECIES",NA,"Puebla",1994,10,16,1994-10-16,"2016-08-04T03:07:51.566+0000","http://creativecommons.org/licenses/by-nc/4.0/legalcode","WGS84","Mammalia","MX","Mexico",NA,NA,NA,"J. Patiño R.","13220",NA,"UAMI",NA,"346642752","UAMI",NA,NA,NA,"ACATENO","J. Ramírez P.",1560
"Cryptotis mexicana",-97.40056,19.89556,"bri,cdround,gass84,txmathi","gbif",96183956,"85c2c776-f762-11e1-a439-00145eb45e9a","ff90b050-c256-11db-b71b-b8a03c50a862","MX","DIGIR","2016-01-28T22:07:03.705+0000","2014-10-07T04:27:33.242+0000",5,"UNKNOWN",NA,5219495,1,44,359,803,5534,2435817,"Cryptotis mexicana (Coues, 1877)","Animalia","Chordata","Soricomorpha","Soricidae","Cryptotis","Cryptotis","mexicana","SPECIES",NA,"Puebla",1994,10,17,1994-10-17,"2016-08-04T08:28:57.341+0000","http://creativecommons.org/licenses/by-nc/4.0/legalcode","WGS84","Mammalia","MX","Mexico",NA,NA,NA,"B. Vieyra R.","13215",NA,"UAMI",NA,"96183956","UAMI",NA,NA,NA,"TEZIUTLÁN","J. Ramírez P.",1710
"Cryptotis mexicana",-97.053,18.685,"bri,gass84,txmathi","gbif",346642782,"7bd97520-f762-11e1-a439-00145eb45e9a","ff90b050-c256-11db-b71b-b8a03c50a862","MX","DIGIR","2013-09-07T07:07:11.000+0000",NA,1,"UNKNOWN",NA,5219495,1,44,359,803,5534,2435817,"Cryptotis mexicana (Coues, 1877)","Animalia","Chordata","Soricomorpha","Soricidae","Cryptotis","Cryptotis","mexicana","SPECIES",NA,"Veracruz",1994,11,12,1994-11-12,"2016-08-04T03:07:51.327+0000","http://creativecommons.org/licenses/by-nc/4.0/legalcode","WGS84","Mammalia","MX","Mexico",NA,NA,NA,"B. Vieyra R.","13230",NA,"UAMI",NA,"346642782","UAMI",NA,NA,NA,"ZONGOLICA","J. Ramírez P.",1830
"Cryptotis mexicana",-97.06583,18.70083,"bri,cdround,gass84,txmathi","gbif",96183973,"85c2c776-f762-11e1-a439-00145eb45e9a","ff90b050-c256-11db-b71b-b8a03c50a862","MX","DIGIR","2016-01-28T22:07:03.696+0000","2014-10-07T04:27:33.283+0000",5,"UNKNOWN",NA,5219495,1,44,359,803,5534,2435817,"Cryptotis mexicana (Coues, 1877)","Animalia","Chordata","Soricomorpha","Soricidae","Cryptotis","Cryptotis","mexicana","SPECIES",NA,"Veracruz",1994,11,14,1994-11-14,"2016-08-04T08:28:56.669+0000","http://creativecommons.org/licenses/by-nc/4.0/legalcode","WGS84","Mammalia","MX","Mexico",NA,NA,NA,"B. Vargas M.","13232",NA,"UAMI",NA,"96183973","UAMI",NA,NA,NA,"ZONGOLICA","J. Ramírez P.",1830
"Cryptotis mexicana",-96.958,19.641,"bri,gass84,iddatunl,txmathi","gbif",370267189,"7f82bf4c-f762-11e1-a439-00145eb45e9a","ff90b050-c256-11db-b71b-b8a03c50a862","MX","DIGIR","2016-01-28T17:19:30.622+0000","2014-10-07T04:51:33.718+0000",6,"UNKNOWN",NA,5219495,1,44,359,803,5534,2435817,"Cryptotis mexicana (Coues, 1877)","Animalia","Chordata","Soricomorpha","Soricidae","Cryptotis","Cryptotis","mexicana","SPECIES",NA,"VERACRUZ-LLAVE",1994,11,18,1994-11-18,"2016-08-04T03:30:12.882+0000","http://creativecommons.org/licenses/by-nc/4.0/legalcode","WGS84","Mammalia","MX","Mexico",NA,NA,NA,"B. VIEYRA R.","176",NA,"UAM-I","2 Km W Jilotepec","370267189","UAMI",NA,"1994-01-01T00:00:00.000+0000",1860,"AMATLÁN DE LOS REYES","JOSE RAMIREZ PULIDO",NA
"Cryptotis mexicana",-97.05333,18.68472,"bri,cdround,gass84,txmathi","gbif",96183972,"85c2c776-f762-11e1-a439-00145eb45e9a","ff90b050-c256-11db-b71b-b8a03c50a862","MX","DIGIR","2016-01-28T22:07:03.693+0000","2014-10-07T04:27:33.294+0000",5,"UNKNOWN",NA,5219495,1,44,359,803,5534,2435817,"Cryptotis mexicana (Coues, 1877)","Animalia","Chordata","Soricomorpha","Soricidae","Cryptotis","Cryptotis","mexicana","SPECIES",NA,"Veracruz",1994,11,12,1994-11-12,"2016-08-04T08:28:56.908+0000","http://creativecommons.org/licenses/by-nc/4.0/legalcode","WGS84","Mammalia","MX","Mexico",NA,NA,NA,"B. Vieyra R.","13231",NA,"UAMI",NA,"96183972","UAMI",NA,NA,NA,"ZONGOLICA","J. Ramírez P.",1830
"Cryptotis mexicana",-97.066,18.701,"bri,gass84,txmathi","gbif",346642790,"7bd97520-f762-11e1-a439-00145eb45e9a","ff90b050-c256-11db-b71b-b8a03c50a862","MX","DIGIR","2013-09-07T07:07:11.000+0000",NA,1,"UNKNOWN",NA,5219495,1,44,359,803,5534,2435817,"Cryptotis mexicana (Coues, 1877)","Animalia","Chordata","Soricomorpha","Soricidae","Cryptotis","Cryptotis","mexicana","SPECIES",NA,"Veracruz",1994,11,14,1994-11-14,"2016-08-04T03:07:51.552+0000","http://creativecommons.org/licenses/by-nc/4.0/legalcode","WGS84","Mammalia","MX","Mexico",NA,NA,NA,"B. Vargas M.","13232",NA,"UAMI",NA,"346642790","UAMI",NA,NA,NA,"ZONGOLICA","J. Ramírez P.",1830
"Cryptotis mexicana",-96.95833,19.64056,"bri,cdround,gass84,txmathi","gbif",96183970,"85c2c776-f762-11e1-a439-00145eb45e9a","ff90b050-c256-11db-b71b-b8a03c50a862","MX","DIGIR","2016-01-28T22:07:03.705+0000","2014-10-07T04:27:33.234+0000",5,"UNKNOWN",NA,5219495,1,44,359,803,5534,2435817,"Cryptotis mexicana (Coues, 1877)","Animalia","Chordata","Soricomorpha","Soricidae","Cryptotis","Cryptotis","mexicana","SPECIES",NA,"Veracruz",1994,11,18,1994-11-18,"2016-08-04T08:28:57.368+0000","http://creativecommons.org/licenses/by-nc/4.0/legalcode","WGS84","Mammalia","MX","Mexico",NA,NA,NA,"E. González C.","13229",NA,"UAMI",NA,"96183970","UAMI",NA,NA,NA,"JILOTEPEC","J. Ramírez P.",NA
"Cryptotis mexicana",-97.05333,18.68472,"bri,cdround,gass84,txmathi","gbif",96183971,"85c2c776-f762-11e1-a439-00145eb45e9a","ff90b050-c256-11db-b71b-b8a03c50a862","MX","DIGIR","2016-01-28T22:07:03.690+0000","2014-10-07T04:27:33.385+0000",5,"UNKNOWN",NA,5219495,1,44,359,803,5534,2435817,"Cryptotis mexicana (Coues, 1877)","Animalia","Chordata","Soricomorpha","Soricidae","Cryptotis","Cryptotis","mexicana","SPECIES",NA,"Veracruz",1994,11,12,1994-11-12,"2016-08-04T08:28:56.887+0000","http://creativecommons.org/licenses/by-nc/4.0/legalcode","WGS84","Mammalia","MX","Mexico",NA,NA,NA,"B. Vieyra R.","13230",NA,"UAMI",NA,"96183971","UAMI",NA,NA,NA,"ZONGOLICA","J. Ramírez P.",1830
"Cryptotis mexicana",-97.053,18.685,"bri,gass84,txmathi","gbif",346642786,"7bd97520-f762-11e1-a439-00145eb45e9a","ff90b050-c256-11db-b71b-b8a03c50a862","MX","DIGIR","2013-09-07T07:07:11.000+0000",NA,1,"UNKNOWN",NA,5219495,1,44,359,803,5534,2435817,"Cryptotis mexicana (Coues, 1877)","Animalia","Chordata","Soricomorpha","Soricidae","Cryptotis","Cryptotis","mexicana","SPECIES",NA,"Veracruz",1994,11,12,1994-11-12,"2016-08-04T03:07:51.327+0000","http://creativecommons.org/licenses/by-nc/4.0/legalcode","WGS84","Mammalia","MX","Mexico",NA,NA,NA,"B. Vieyra R.","13231",NA,"UAMI",NA,"346642786","UAMI",NA,NA,NA,"ZONGOLICA","J. Ramírez P.",1830
