<?xml version="1.0" encoding="utf-8"?>
<eml:eml xmlns:eml="eml://ecoinformatics.org/eml-2.1.1" xmlns:xsi="http://www.w3.org/2001/XMLSchema-instance"
         xsi:schemaLocation="eml://ecoinformatics.org/eml-2.1.1 http://rs.gbif.org/schema/eml-gbif-profile/1.1/eml.xsd"
        packageId="10.15468/dl.rfgh1e"  system="http://gbif.org" scope="system"
  xml:lang="en">

<dataset>
        <alternateIdentifier>0042083-191105090559680</alternateIdentifier>
    <title>GBIF Occurrence Download 10.15468/dl.rfgh1e</title>
    <creator>
    <individualName>
          <surName>GBIF Download Service</surName>
    </individualName>
<electronicMailAddress>support@gbif.org</electronicMailAddress>    </creator>
    <metadataProvider>
    <individualName>
          <surName>GBIF Download Service</surName>
    </individualName>
<electronicMailAddress>support@gbif.org</electronicMailAddress>    </metadataProvider>
      <pubDate>
      2020-01-16
      </pubDate>
    <language>ENGLISH</language>
    <abstract>
        <para>A dataset containing all occurrences available in GBIF matching the query:
{
  &quot;and&quot; : [ &quot;TaxonKey is Marmosa robinsoni Bangs, 1898&quot;, &quot;HasCoordinate is true&quot;, &quot;HasGeospatialIssue is false&quot; ]
}
The dataset includes records from the following constituent datasets. The full metadata for each constituent is also included in this archive:
1 records from Caracterización biológica de la ventana de biodiversidad Ciénaga, Municipio de Ciénaga, Magdalena, Colombia
1 records from UAZ Mammals
1 records from Fauna y flora del municipio de Lipa, Arauca
1 records from Inventario de Mamíferos Mámbita
1 records from Mamíferos asociados a cuatro ventanas de la Orinoquia Colombiana - SULU I
1 records from Estudio de Biodiversidad Mina Calenturitas, Temporada de Lluvias
1 records from Inventario de Fauna vertebrada de la Reserva Forestal Protectora Regional Cuchillas del Tigre, El Calón y La Osa. Municipios de San Francisco y Sonsón-Antioquia.
1 records from Colección de Mamíferos del Instituto de Ciencias Naturales (ICN-MHN-Ma)
1 records from LACM Vertebrate Collection
2 records from Colección Mastozoológica de la Universidad Industrial de Santander
2 records from Colección Teriológica de la Universidad Tecnológica del Chocó
2 records from Paleobiology Database
2 records from Fauna y flora en áreas con cultivos de palma de aceite en el norte y oriente de Colombia
2 records from Monitoreo de Flora y Fauna de los Acuerdos de Conservación Voluntaria como estrategia de inversión del 1% de Equión Energía Limited
2 records from ICN - Universidad Nacional de Colombia
3 records from Colección Zoológica de la Universidad del Tolima (CZUT)- Mastozoología
3 records from Mamíferos del piedemonte de la sabana de la Orinoquia
3 records from Colección de Tejidos del Instituto de Investigación de Recursos Biológicos Alexander von Humboldt (IAvH-CT)
3 records from Inventario de Aves y Mamíferos en humedales del departamento de Córdoba
3 records from Colección de mamíferos del Museo de Historia Natural de la Pontificia Universidad Javeriana
3 records from Tejidos colectados en la caracterización biótica para la conservación de especies amenazadas en el área de influencia del Oleoducto Bicentenario, departamentos de Arauca y Casanare, Colombia
4 records from CAREC Mammals
5 records from LSUMZ Mammals Collection
5 records from Mammals housed at MHNG, Geneva
6 records from Registros biológicos de especies de fauna vertebrada terrestre en las centrales de San Carlos y Jaguas - 2007
6 records from KUBI Mammalogy Collection
7 records from TTU Mammals Collection
7 records from Registros biológicos de especies de fauna vertebrada terrestre en las centrales de San Carlos y Jaguas - 2009
7 records from Mammalogy Collection - Royal Ontario Museum
7 records from MSU Mammalogy, Ornithology and Vertebrate Paleontology Collections
8 records from Museo de Historia Natural, Colección de Vertebrados e Invertebrados - Colección de Mamíferos
8 records from iNaturalist Research-grade Observations
9 records from Caracterización biótica para la conservación de especies amenazadas en el área de influencia del Oleoducto Bicentenario, departamentos de Arauca y Casanare, Colombia
12 records from University of Michigan Museum of Zoology, Division of Mammals
22 records from MVZ Mammal Collection (Arctos)
32 records from MSB Mammal Collection (Arctos)
42 records from Evaluación de la presencia de &apos;Marmosa robinsoni&apos; e inventario de mamíferos en el Departamento del Atlántico
47 records from Museum of Comparative Zoology, Harvard University
57 records from Field Museum of Natural History (Zoology) Mammal Collection
69 records from Colección de mamíferos de la Universidad del Valle
248 records from NMNH Extant Specimen Records
</para>
    </abstract>
      <contact>
    <individualName>
          <surName>GBIF Download Service</surName>
    </individualName>
<electronicMailAddress>support@gbif.org</electronicMailAddress>      </contact>

</dataset>

<additionalMetadata>
    <metadata>
      <gbif>
        <dateStamp>2020-01-16T17:19:53Z</dateStamp>
      <citation identifier="10.15468/dl.rfgh1e">GBIF Occurrence Download 10.15468/dl.rfgh1e</citation>
              <physical>
                  <objectName>Darwin Core Archive</objectName>
                  <characterEncoding>UTF-8</characterEncoding>
                  <dataFormat>
                      <externallyDefinedFormat>
                          <formatName>Darwin Core Archive</formatName>
                      </externallyDefinedFormat>
                  </dataFormat>
                  <distribution>
                      <online>
                          <url function="download">http://api.gbif.org/v1/occurrence/download/request/0042083-191105090559680.zip</url>
                      </online>
                  </distribution>
              </physical>
        </gbif>
    </metadata>
</additionalMetadata>

</eml:eml>
