<eml:eml xmlns:eml="eml://ecoinformatics.org/eml-2.1.1"
         xmlns:xsi="http://www.w3.org/2001/XMLSchema-instance"
         xsi:schemaLocation="eml://ecoinformatics.org/eml-2.1.1 http://rs.gbif.org/schema/eml-gbif-profile/1.0.2/eml.xsd"
         packageId="afc3ab43-3f00-4a56-a37a-da1905a1f91a" system="http://gbif.org" scope="system"
         xml:lang="en">

<dataset>
  <title>GBIF Occurrence Download 0007139-131106143450413</title>
<creator>
    <individualName>
      <surName>GBIF Download Service</surName>
    </individualName>
</creator>
<metadataProvider>
    <individualName>
      <surName>GBIF Download Service</surName>
    </individualName>
</metadataProvider>
<associatedParty>
    <individualName>
        <givenName>Clara María</givenName>
      <surName>Peréz Gallego</surName>
    </individualName>
    <organizationName>ISAGEN S.A.</organizationName>
    <positionName>Analista de Gestión Ambiental</positionName>
    <address>
        <deliveryPoint>Cra 43 A No. 11 A - 80</deliveryPoint>
        <city>Medellín</city>
        <administrativeArea>Antioquia</administrativeArea>
        <country>COLOMBIA</country>
    </address>
    <phone>+57 44440057</phone>
    <electronicMailAddress>cperez@isagen.com</electronicMailAddress>
    <role>CONTENT_PROVIDER</role>
</associatedParty>
<associatedParty>
    <individualName>
        <givenName>Kevin-Giancarlo</givenName>
      <surName>Borja-Acosta</surName>
    </individualName>
    <organizationName>Instituto de Investigación de Recursos Biológicos Alexander von Humboldt</organizationName>
    <positionName>Administrador Datos Colecciones Biológicas</positionName>
    <address>
        <deliveryPoint>Claustro de San Agustín</deliveryPoint>
        <city>Villa de Leyva</city>
        <administrativeArea>Boyacá</administrativeArea>
        <country>COLOMBIA</country>
    </address>
    <phone>+57 8 7320791</phone>
    <electronicMailAddress>kborja@humboldt.org.co</electronicMailAddress>
    <role>CONTENT_PROVIDER</role>
</associatedParty>
<associatedParty>
    <individualName>
        <givenName>Jake</givenName>
      <surName>Esselstyn</surName>
    </individualName>
    <organizationName>Louisiana State University Museum of Natural Science</organizationName>
    <positionName>Curator</positionName>
    <address>
        <deliveryPoint>119 Foster Hall</deliveryPoint>
        <city>Baton Rouge</city>
        <administrativeArea>LA</administrativeArea>
        <postalCode>70803</postalCode>
        <country>UNITED_STATES</country>
    </address>
    <phone>+01 225-578-3083</phone>
    <electronicMailAddress>esselstyn@lsu.edu</electronicMailAddress>
    <role>CONTENT_PROVIDER</role>
</associatedParty>
<associatedParty>
    <individualName>
        <givenName>Clara María</givenName>
      <surName>Peréz Gallego</surName>
    </individualName>
    <organizationName>ISAGEN S.A.</organizationName>
    <positionName>Analista de Gestión Ambiental</positionName>
    <address>
        <deliveryPoint>Cra 43 A No. 11 A - 80</deliveryPoint>
        <city>Medellín</city>
        <administrativeArea>Antioquia</administrativeArea>
        <country>COLOMBIA</country>
    </address>
    <phone>+57 44440057</phone>
    <electronicMailAddress>cperez@isagen.com</electronicMailAddress>
    <role>CONTENT_PROVIDER</role>
</associatedParty>
<associatedParty>
    <individualName>
        <givenName>Rick</givenName>
      <surName>Feeney</surName>
    </individualName>
    <organizationName>Natural History Museum of Los Angeles County</organizationName>
    <positionName>Fishes Collection Manager</positionName>
    <address>
        <deliveryPoint>900 Exposition Blvd.</deliveryPoint>
        <city>Los Angeles</city>
        <administrativeArea>CA</administrativeArea>
        <postalCode>90007</postalCode>
        <country>UNITED_STATES</country>
    </address>
    <phone>+01 213 763 3374</phone>
    <electronicMailAddress>rfeeney@nhm.org</electronicMailAddress>
    <role>CONTENT_PROVIDER</role>
</associatedParty>
<associatedParty>
    <individualName>
        <givenName>Priscilla</givenName>
      <surName>Tucker</surName>
    </individualName>
    <organizationName>University of Michigan Museum of Zoology</organizationName>
    <positionName>Professor and Curator</positionName>
    <address>
        <deliveryPoint>1109 Geddes Ave, 3036/3085 Ruthven</deliveryPoint>
        <city>Ann Arbor</city>
        <administrativeArea>MI</administrativeArea>
        <postalCode>48109</postalCode>
        <country>UNITED_STATES</country>
    </address>
    <phone>+01 734-647-2207</phone>
    <electronicMailAddress>ptuck@umich.edu</electronicMailAddress>
    <role>CONTENT_PROVIDER</role>
</associatedParty>
<associatedParty>
    <organizationName>OZCAM (Online Zoological Collections of Australian Museums) Provider</organizationName>
    <role>CONTENT_PROVIDER</role>
</associatedParty>
<associatedParty>
    <individualName>
        <givenName>Joseph</givenName>
      <surName>Cook</surName>
    </individualName>
    <organizationName>Museum of Southwestern Biology</organizationName>
    <positionName>Curator of Mammals</positionName>
    <address>
        <deliveryPoint>University of New Mexico</deliveryPoint>
        <city>Albuquerque</city>
        <administrativeArea>NM</administrativeArea>
        <postalCode>87131-0001</postalCode>
        <country>UNITED_STATES</country>
    </address>
    <phone>(505) 277-1358</phone>
    <electronicMailAddress>cookjose@unm.edu</electronicMailAddress>
    <role>CONTENT_PROVIDER</role>
</associatedParty>
<associatedParty>
    <individualName>
        <givenName>Norm</givenName>
      <surName>Slade</surName>
    </individualName>
    <organizationName>KU Biodiversity Institute</organizationName>
    <positionName>Curator Emeritus of Mammalogy</positionName>
    <address>
        <deliveryPoint>1345 Jayhawk Blvd</deliveryPoint>
        <city>Lawrence</city>
        <administrativeArea>KS</administrativeArea>
        <postalCode>66045</postalCode>
        <country>UNITED_STATES</country>
    </address>
    <phone>+01 785-864-3673</phone>
    <electronicMailAddress>slade@ku.edu</electronicMailAddress>
    <role>CONTENT_PROVIDER</role>
</associatedParty>
<associatedParty>
    <individualName>
        <givenName>Sharon</givenName>
      <surName>Grant</surName>
    </individualName>
    <organizationName>The Field Museum of Natural History</organizationName>
    <positionName>Technology Liaison to Science</positionName>
    <address>
        <deliveryPoint>1400 S Lake Shore Drive</deliveryPoint>
        <city>Chicago</city>
        <administrativeArea>IL</administrativeArea>
        <postalCode>60605</postalCode>
        <country>UNITED_STATES</country>
    </address>
    <phone>3126657203</phone>
    <electronicMailAddress>sgrant@fieldmuseum.org</electronicMailAddress>
    <role>CONTENT_PROVIDER</role>
</associatedParty>
<associatedParty>
    <individualName>
        <givenName>Aurelio</givenName>
      <surName>Sanabria</surName>
    </individualName>
    <organizationName>INBio / IABIN SSTN</organizationName>
    <positionName>IPT Administrator</positionName>
    <role>CONTENT_PROVIDER</role>
</associatedParty>
<associatedParty>
    <individualName>
        <givenName>Chris</givenName>
      <surName>Conroy</surName>
    </individualName>
    <organizationName>Museum of Vertebrate Zoology, UC Berkeley</organizationName>
    <positionName>Staff Curator of Mammals</positionName>
    <address>
        <deliveryPoint>3101 Valley Life Science Building</deliveryPoint>
        <city>Berkeley</city>
        <administrativeArea>CA</administrativeArea>
        <postalCode>94720-3160</postalCode>
        <country>UNITED_STATES</country>
    </address>
    <phone>(510) 643-7709</phone>
    <electronicMailAddress>ondatra@berkeley.edu</electronicMailAddress>
    <role>CONTENT_PROVIDER</role>
</associatedParty>
<associatedParty>
    <individualName>
      <surName>gepinillab</surName>
    </individualName>
    <role>AUTHOR</role>
</associatedParty>
<associatedParty>
    <individualName>
      <surName>GBIF Download Service</surName>
    </individualName>
    <role>ORIGINATOR</role>
</associatedParty>
<associatedParty>
    <individualName>
      <surName>GBIF Download Service</surName>
    </individualName>
    <role>METADATA_AUTHOR</role>
</associatedParty>
<pubDate>
        2013-12-18
</pubDate>
<language>ENGLISH</language>
<abstract>
  <para>A dataset containing all occurrences available in GBIF matching the query: {&quot;type&quot;:&quot;and&quot;,&quot;predicates&quot;:[{&quot;type&quot;:&quot;equals&quot;,&quot;key&quot;:&quot;SPATIAL_ISSUES&quot;,&quot;value&quot;:&quot;false&quot;},{&quot;type&quot;:&quot;equals&quot;,&quot;key&quot;:&quot;TAXON_KEY&quot;,&quot;value&quot;:&quot;2439862&quot;},{&quot;type&quot;:&quot;equals&quot;,&quot;key&quot;:&quot;GEOREFERENCED&quot;,&quot;value&quot;:&quot;true&quot;}]}&lt;br/&gt;The dataset includes records from the following constituent datasets. The full metadata for each constituent is also included in this archive:&lt;br/&gt;1 records from LACM Vertebrate Collection&lt;br/&gt;1 records from iNaturalist research-grade observations&lt;br/&gt;2 records from Mamíferos de la colección del Instituto Alexander von Humboldt&lt;br/&gt;2 records from Paleobiology Database&lt;br/&gt;2 records from South Australian Museum Australia provider for OZCAM&lt;br/&gt;2 records from Instituto de ciencias naturales&lt;br/&gt;3 records from Insects&lt;br/&gt;5 records from LSUMZ Mammals Collection&lt;br/&gt;6 records from Registros biológicos de especies de fauna vertebrada terrestre en las centrales de San Carlos y Jaguas - 2007&lt;br/&gt;6 records from KUBI Mammalogy Collection&lt;br/&gt;7 records from Registros biológicos de especies de fauna vertebrada terrestre en las centrales de San Carlos y Jaguas - 2009&lt;br/&gt;7 records from Vertebrate specimens&lt;br/&gt;12 records from UMMZ Mammals Collection&lt;br/&gt;22 records from MVZ Mammal Collection (Arctos)&lt;br/&gt;26 records from MSB Mammal Collection (Arctos)&lt;br/&gt;53 records from Field Museum of Natural History (Zoology) Mammal Collection&lt;br/&gt;248 records from NMNH Vertebrate Zoology Mammals Collections&lt;br/&gt;</para>
</abstract>

</dataset>

<additionalMetadata>
  <metadata>
    <gbif>
        <citation identifier="0007139-131106143450413">GBIF Occurrence Download 0007139-131106143450413</citation>
          <physical>
            <objectName></objectName>
            <characterEncoding>UTF-8</characterEncoding>
            <dataFormat>
              <externallyDefinedFormat>
                <formatName>Darwin Core Archive</formatName>
              </externallyDefinedFormat>
            </dataFormat>
            <distribution>
              <online>
                <url function="download">http://api.gbif.org/v0.9/occurrence/download/request/0007139-131106143450413.zip</url>
              </online>
            </distribution>
          </physical>
    </gbif>
  </metadata>
</additionalMetadata>

</eml:eml>
