<?xml version="1.0" encoding="utf-8"?>
<eml:eml xmlns:eml="eml://ecoinformatics.org/eml-2.1.1" xmlns:xsi="http://www.w3.org/2001/XMLSchema-instance"
         xsi:schemaLocation="eml://ecoinformatics.org/eml-2.1.1 http://rs.gbif.org/schema/eml-gbif-profile/1.1/eml.xsd"
        packageId="64a88778-8de7-4dd0-af39-2d094102cbde"  system="http://gbif.org" scope="system"
  xml:lang="es">

<dataset>
      <alternateIdentifier>10.15472/jzume7</alternateIdentifier>
        <alternateIdentifier>https://ipt.biodiversidad.co/sib/resource?r=coleccion-mamiferos-univalle</alternateIdentifier>
        <alternateIdentifier>http://ipt.biodiversidad.co/sib/resource?r=coleccion-mamiferos-univalle</alternateIdentifier>
        <alternateIdentifier>10.15468/zrpwnn</alternateIdentifier>
        <alternateIdentifier>http://ipt.biodiversidad.co/valle/resource?r=coleccion-mamiferos-univalle</alternateIdentifier>
        <alternateIdentifier>http://data.biodiversidad.co/valle/resource.do?r=coleccion-mamiferos-univalle</alternateIdentifier>
        <alternateIdentifier>http://ipt.sibcolombia.net/valle/resource.do?r=coleccion-mamiferos-univalle</alternateIdentifier>
        <alternateIdentifier>64a88778-8de7-4dd0-af39-2d094102cbde</alternateIdentifier>
    <title>Colección de mamíferos de la Universidad del Valle</title>
    <creator>
    <individualName>
<givenName>Luisa Alejandra</givenName>          <surName>Ruano Meneses</surName>
    </individualName>
<organizationName>Departamento de biología, Universidad del Valle</organizationName><positionName>Estudiante/Monitor</positionName>    <address>
<deliveryPoint>Calle13 # 100-00</deliveryPoint><city>Cali</city><administrativeArea>Valle del Cauca</administrativeArea><postalCode>76001000</postalCode><country>COLOMBIA</country>    </address>
<phone>57 (2) 3212170</phone><electronicMailAddress>luisa.ruano@correounivalle.edu.co</electronicMailAddress>    </creator>
    <creator>
    <individualName>
<givenName>Daniela</givenName>          <surName>Arenas</surName>
    </individualName>
<organizationName>Departamento de Biología, Universidad del Valle</organizationName><positionName>Profesional/Investigador</positionName>    <address>
<deliveryPoint>Calle 13 # 100-00</deliveryPoint><city>Cali</city><administrativeArea>Valle del Cauca</administrativeArea><postalCode>76001000</postalCode><country>COLOMBIA</country>    </address>
<phone>+5723212170</phone><electronicMailAddress>danielaarenas954@gmail.com</electronicMailAddress>    </creator>
    <metadataProvider>
    <individualName>
<givenName>Oscar Enrique</givenName>          <surName>Murillo García</surName>
    </individualName>
<organizationName>Departamento de biología, Universidad del Valle</organizationName><positionName>Profesor asociado</positionName>    <address>
<deliveryPoint>Calle13 # 100-00</deliveryPoint><city>Cali</city><administrativeArea>Valle del Cauca</administrativeArea><postalCode>76001000</postalCode><country>COLOMBIA</country>    </address>
<phone>57 (2) 3212170</phone><electronicMailAddress>oscar.murillo@correounivalle.edu.co</electronicMailAddress><onlineUrl>http://www.univalle.edu.co</onlineUrl>    </metadataProvider>
    <metadataProvider>
    <individualName>
<givenName>Alan</givenName>          <surName>Giraldo</surName>
    </individualName>
<organizationName>Departamento de Biología, Universidad del Valle</organizationName><positionName>Profesor asociado</positionName>    <address>
<deliveryPoint>Calle 13 # 100-00</deliveryPoint><city>Cali</city><administrativeArea>Valle del Cauca</administrativeArea><postalCode>76001000</postalCode><country>COLOMBIA</country>    </address>
<phone>+5723212170</phone><electronicMailAddress>oscar.murillo@correounivalle.edu.co</electronicMailAddress>    </metadataProvider>
    <associatedParty>
    <individualName>
<givenName>Oscar Enrique</givenName>          <surName>Murillo García</surName>
    </individualName>
<organizationName>Departamento de biología, Universidad del Valle</organizationName><positionName>Docente</positionName>    <address>
<deliveryPoint>Calle13 # 100-00</deliveryPoint><city>Cali</city><administrativeArea>Valle del Cauca</administrativeArea><country>COLOMBIA</country>    </address>
<phone>57 (2) 3212170</phone><electronicMailAddress>oscar.murillo@correounivalle.edu.co</electronicMailAddress><onlineUrl>http://www.univalle.edu.co</onlineUrl>    <role>CURATOR</role>
    </associatedParty>
    <associatedParty>
    <individualName>
<givenName>Alan</givenName>          <surName>Giraldo</surName>
    </individualName>
<organizationName>Departamento de Biología, Universidad del Valle</organizationName>    <address>
<deliveryPoint>Calle 13 # 100-00</deliveryPoint><city>Cali</city><administrativeArea>Valle del Cauca</administrativeArea><postalCode>76001000</postalCode><country>COLOMBIA</country>    </address>
<phone>+5723212170</phone><electronicMailAddress>alan.giraldo@correounivalle.edu.co</electronicMailAddress>    <role>CONTENT_PROVIDER</role>
    </associatedParty>
      <pubDate>
      2018-09-12
      </pubDate>
    <language>SPANISH</language>
    <abstract>
        <para>La colección de mamíferos de la Universidad del Valle es de carácter científico y su función es generar, organizar y difundir información referente a la mastofauna, con énfasis en el sur occidente colombiano. Fue iniciada en 1979, por el mastozoólogo estadounidense Michael S. Alberico, a través de una donación de ejemplares provenientes de la facultad de Salud de la Universidad del Valle.</para>
    </abstract>
        <keywordSet>
              <keyword>especie</keyword>
              <keyword>Didelphimorphia</keyword>
              <keyword>null</keyword>
              <keyword>mamíferos</keyword>
              <keyword>Rodentia</keyword>
              <keyword>Colección</keyword>
              <keyword>Chiroptera</keyword>
              <keywordThesaurus>http://www.cabi.org/cabthesaurus/</keywordThesaurus>
        </keywordSet>
        <keywordSet>
              <keyword>Specimen</keyword>
              <keywordThesaurus>GBIF Dataset Subtype Vocabulary: http://rs.gbif.org/vocabulary/gbif/dataset_subtype.xml</keywordThesaurus>
        </keywordSet>
        <keywordSet>
              <keyword>Occurrence</keyword>
              <keywordThesaurus>GBIF Dataset Type Vocabulary: http://rs.gbif.org/vocabulary/gbif/dataset_type.xml</keywordThesaurus>
        </keywordSet>
        <keywordSet>
              <keyword>COLECCIONES</keyword>
              <keyword>VALLE_DEL_CAUCA</keyword>
              <keywordThesaurus>SiB Colombia</keywordThesaurus>
        </keywordSet>
      <intellectualRights>
        <para>To the extent possible under law, the publisher has waived all rights to these data and has dedicated them to the <ulink url="http://creativecommons.org/publicdomain/zero/1.0/legalcode"><citetitle>Public Domain (CC0 1.0)</citetitle></ulink>. Users may copy, modify, distribute and use the work, including for commercial purposes, without restriction.</para>
      </intellectualRights>
      <distribution scope="document">
          <online>
              <url function="information">http://ipt.sibcolombia.net/valle/resource.do?r=coleccion-mamiferos-univalle</url>
          </online>
      </distribution>
      <coverage>
            <geographicCoverage>
                  <geographicDescription>Hay registros provenientes de los departamentos de Boyacá, Caldas, Caquetá, Casanare, Cauca, Chocó, Guainía, Guaviare, Meta, Nariño, Putumayo, Quindío, Risaralda, Valle del Cauca y Vichada.</geographicDescription>
                  <boundingCoordinates>
                      <westBoundingCoordinate>-78.202</westBoundingCoordinate>
                      <eastBoundingCoordinate>-67.789</eastBoundingCoordinate>
                      <northBoundingCoordinate>6.279</northBoundingCoordinate>
                      <southBoundingCoordinate>-0.596</southBoundingCoordinate>
                  </boundingCoordinates>
            </geographicCoverage>
          <temporalCoverage>
            <rangeOfDates>
              <beginDate>
                <calendarDate>      1956-01-11
</calendarDate>
              </beginDate>
              <endDate>
                <calendarDate>      2014-10-12
</calendarDate>
              </endDate>
            </rangeOfDates>
          </temporalCoverage>
              <taxonomicCoverage>
                    <generalTaxonomicCoverage>La base de datos está conformada por 5740 registros, representando 12 órdenes, 35 familias, 115 géneros y 182 especies. Los ordenes con mayor representatividad en la base de datos, son el Orden Chiroptera (la familia Phyllostomidae como la más abundante), seguido por el Orden Rodentia (con la familia Cricetidae como la más abundante), Primates (con la familia Cebidae como la más abundante) y Didelphimorphia.</generalTaxonomicCoverage>
                    <taxonomicClassification>
                          <taxonRankName>Order</taxonRankName>
                        <taxonRankValue>Artiodactyla</taxonRankValue>
                    </taxonomicClassification>
                    <taxonomicClassification>
                          <taxonRankName>Family</taxonRankName>
                        <taxonRankValue>Cervidae</taxonRankValue>
                    </taxonomicClassification>
                    <taxonomicClassification>
                          <taxonRankName>Family</taxonRankName>
                        <taxonRankValue>Tayassuidae</taxonRankValue>
                    </taxonomicClassification>
                    <taxonomicClassification>
                          <taxonRankName>Order</taxonRankName>
                        <taxonRankValue>Carnivora</taxonRankValue>
                    </taxonomicClassification>
                    <taxonomicClassification>
                          <taxonRankName>Family</taxonRankName>
                        <taxonRankValue>Canidae</taxonRankValue>
                    </taxonomicClassification>
                    <taxonomicClassification>
                          <taxonRankName>Family</taxonRankName>
                        <taxonRankValue>Felidae</taxonRankValue>
                    </taxonomicClassification>
                    <taxonomicClassification>
                          <taxonRankName>Family</taxonRankName>
                        <taxonRankValue>Mustelidae</taxonRankValue>
                    </taxonomicClassification>
                    <taxonomicClassification>
                          <taxonRankName>Family</taxonRankName>
                        <taxonRankValue>Procyonidae</taxonRankValue>
                    </taxonomicClassification>
                    <taxonomicClassification>
                          <taxonRankName>Order</taxonRankName>
                        <taxonRankValue>Cetacea</taxonRankValue>
                    </taxonomicClassification>
                    <taxonomicClassification>
                          <taxonRankName>Family</taxonRankName>
                        <taxonRankValue>Iniidae</taxonRankValue>
                    </taxonomicClassification>
                    <taxonomicClassification>
                          <taxonRankName>Order</taxonRankName>
                        <taxonRankValue>Chiroptera</taxonRankValue>
                    </taxonomicClassification>
                    <taxonomicClassification>
                          <taxonRankName>Family</taxonRankName>
                        <taxonRankValue>Emballonuridae</taxonRankValue>
                    </taxonomicClassification>
                    <taxonomicClassification>
                          <taxonRankName>Family</taxonRankName>
                        <taxonRankValue>Molossidae</taxonRankValue>
                    </taxonomicClassification>
                    <taxonomicClassification>
                          <taxonRankName>Family</taxonRankName>
                        <taxonRankValue>Noctilionidae</taxonRankValue>
                    </taxonomicClassification>
                    <taxonomicClassification>
                          <taxonRankName>Family</taxonRankName>
                        <taxonRankValue>Phyllostomidae</taxonRankValue>
                    </taxonomicClassification>
                    <taxonomicClassification>
                          <taxonRankName>Family</taxonRankName>
                        <taxonRankValue>Thyropteridae</taxonRankValue>
                    </taxonomicClassification>
                    <taxonomicClassification>
                          <taxonRankName>Family</taxonRankName>
                        <taxonRankValue>Vespertilionidae</taxonRankValue>
                    </taxonomicClassification>
                    <taxonomicClassification>
                          <taxonRankName>Order</taxonRankName>
                        <taxonRankValue>Cingulata</taxonRankValue>
                    </taxonomicClassification>
                    <taxonomicClassification>
                          <taxonRankName>Family</taxonRankName>
                        <taxonRankValue>Dasypodidae</taxonRankValue>
                    </taxonomicClassification>
                    <taxonomicClassification>
                          <taxonRankName>Order</taxonRankName>
                        <taxonRankValue>Didelphimorphia</taxonRankValue>
                    </taxonomicClassification>
                    <taxonomicClassification>
                          <taxonRankName>Family</taxonRankName>
                        <taxonRankValue>Didelphidae</taxonRankValue>
                    </taxonomicClassification>
                    <taxonomicClassification>
                          <taxonRankName>Order</taxonRankName>
                        <taxonRankValue>Lagomorpha</taxonRankValue>
                    </taxonomicClassification>
                    <taxonomicClassification>
                          <taxonRankName>Family</taxonRankName>
                        <taxonRankValue>Leporidae</taxonRankValue>
                    </taxonomicClassification>
                    <taxonomicClassification>
                          <taxonRankName>Order</taxonRankName>
                        <taxonRankValue>Paucituberculata</taxonRankValue>
                    </taxonomicClassification>
                    <taxonomicClassification>
                          <taxonRankName>Family</taxonRankName>
                        <taxonRankValue>Caenolestidae</taxonRankValue>
                    </taxonomicClassification>
                    <taxonomicClassification>
                          <taxonRankName>Order</taxonRankName>
                        <taxonRankValue>Pilosa</taxonRankValue>
                    </taxonomicClassification>
                    <taxonomicClassification>
                          <taxonRankName>Family</taxonRankName>
                        <taxonRankValue>Bradypodidae</taxonRankValue>
                    </taxonomicClassification>
                    <taxonomicClassification>
                          <taxonRankName>Family</taxonRankName>
                        <taxonRankValue>Megalonychidae</taxonRankValue>
                    </taxonomicClassification>
                    <taxonomicClassification>
                          <taxonRankName>Family</taxonRankName>
                        <taxonRankValue>Myrmecophagidae</taxonRankValue>
                    </taxonomicClassification>
                    <taxonomicClassification>
                          <taxonRankName>Order</taxonRankName>
                        <taxonRankValue>Primates</taxonRankValue>
                    </taxonomicClassification>
                    <taxonomicClassification>
                          <taxonRankName>Family</taxonRankName>
                        <taxonRankValue>Aotidae</taxonRankValue>
                    </taxonomicClassification>
                    <taxonomicClassification>
                          <taxonRankName>Family</taxonRankName>
                        <taxonRankValue>Atelidae</taxonRankValue>
                    </taxonomicClassification>
                    <taxonomicClassification>
                          <taxonRankName>Family</taxonRankName>
                        <taxonRankValue>Cebidae</taxonRankValue>
                    </taxonomicClassification>
                    <taxonomicClassification>
                        <taxonRankValue>Pitheciidae</taxonRankValue>
                    </taxonomicClassification>
                    <taxonomicClassification>
                          <taxonRankName>Order</taxonRankName>
                        <taxonRankValue>Rodentia</taxonRankValue>
                    </taxonomicClassification>
                    <taxonomicClassification>
                          <taxonRankName>Family</taxonRankName>
                        <taxonRankValue>Agoutidae</taxonRankValue>
                    </taxonomicClassification>
                    <taxonomicClassification>
                          <taxonRankName>Family</taxonRankName>
                        <taxonRankValue>Caviidae</taxonRankValue>
                    </taxonomicClassification>
                    <taxonomicClassification>
                          <taxonRankName>Family</taxonRankName>
                        <taxonRankValue>Cricetidae</taxonRankValue>
                    </taxonomicClassification>
                    <taxonomicClassification>
                          <taxonRankName>Family</taxonRankName>
                        <taxonRankValue>Dasyproctidae</taxonRankValue>
                    </taxonomicClassification>
                    <taxonomicClassification>
                          <taxonRankName>Family</taxonRankName>
                        <taxonRankValue>Echimyidae</taxonRankValue>
                    </taxonomicClassification>
                    <taxonomicClassification>
                          <taxonRankName>Family</taxonRankName>
                        <taxonRankValue>Erethizontidae</taxonRankValue>
                    </taxonomicClassification>
                    <taxonomicClassification>
                          <taxonRankName>Family</taxonRankName>
                        <taxonRankValue>Heteromyidae</taxonRankValue>
                    </taxonomicClassification>
                    <taxonomicClassification>
                          <taxonRankName>Family</taxonRankName>
                        <taxonRankValue>Muridae</taxonRankValue>
                    </taxonomicClassification>
                    <taxonomicClassification>
                          <taxonRankName>Family</taxonRankName>
                        <taxonRankValue>Sciuridae</taxonRankValue>
                    </taxonomicClassification>
                    <taxonomicClassification>
                          <taxonRankName>Order</taxonRankName>
                        <taxonRankValue>Soricomorpha</taxonRankValue>
                    </taxonomicClassification>
                    <taxonomicClassification>
                          <taxonRankName>Family</taxonRankName>
                        <taxonRankValue>Soricidae</taxonRankValue>
                    </taxonomicClassification>
              </taxonomicCoverage>
      </coverage>
      <maintenance>
          <description>
              <para></para>
          </description>
          <maintenanceUpdateFrequency>unkown</maintenanceUpdateFrequency>
      </maintenance>
      <contact>
    <individualName>
<givenName>Oscar Enrique</givenName>          <surName>Murillo García</surName>
    </individualName>
<organizationName>Departamento de biología, Universidad del Valle</organizationName><positionName>Profesor asociado</positionName>    <address>
<deliveryPoint>Calle13 # 100-00</deliveryPoint><city>Cali</city><administrativeArea>Valle del Cauca</administrativeArea><postalCode>76001000</postalCode><country>COLOMBIA</country>    </address>
<phone>57 (2) 3212170</phone><electronicMailAddress>oscar.murillo@correounivalle.edu.co</electronicMailAddress><onlineUrl>http://www.univalle.edu.co</onlineUrl>      </contact>
      <methods>
            <methodStep>
                <description>
                    <para>La captura de los murciélagos se realiza mediante redes de niebla, las cuales deben abrirse a partir de las 18:00 horas hasta las 21:00 horas aproximadamente con revisiones entre los 30 minutos o 1 hora, pero dependerá del investigador. Las redes de niebla miden entre 6-12m y se ubican en los claros de bosque o en zonas abiertas. Para la captura de roedores se utilizan trampas sherman, havahart o national,  con dos tipos de cebo, ya sea cebo dulce, que consiste en una mezcla de avena, esencia de vainilla o fruta o cebo salado de sardina con cuchuco.</para>
                </description>
            </methodStep>
            <sampling>
                <studyExtent>
                    <description>
                        <para>Los especímenes registrados provienen de diversas zonas del país, incluyendo el pacífico colombiano, los llanos orientales, los Andes, Risaralda (Pueblo Rico), Caldas (La Dorada), Chocó (Medio San Juan), Valle del Cauca, que incluyen bosque seco, bosque humedo tropical, bosque pluvial montano, bosque de niebla, planicies, pasturas, entre otros.</para>
                    </description>
                </studyExtent>
                <samplingDescription>
                    <para>El método de muestreo depende del grupo que se investiga. Las redes de niebla se emplean para Chiropteros, las trampas Sherman, Havajart o National, para la captura de mamíferos pequeños a medianos, desde roedores hasta carnivoros. El tipo de trampas, la disposición y distancia entre las trampas dependerán del objetivo de estudio y del terreno de la zona, lo que será definido por e investigador. La colecta de mamíferos también incluye las donaciones y decomisos a cazadores. Algunos mamíferos medianos a grandes, como perezosos, armadillos, delfines, carnívoros, entre otros, se colectan  porque se encuentran muerto o los donan instituciones o fundaciones como el zoológico.</para>
                </samplingDescription>
            </sampling>
            <qualityControl>
                <description>
                    <para>Para confirmar los nombres científicos se utilizó la base de datos de Catalog of Life (http://www. catalogueoflife.org/), The UICN Red List of Threatened species (http://www.iucnredlist.org/) y The Wilson and Reeder´s Mammal Species of the World (http://www.vertebrates.si.edu/msw/mswcfapp/msw/index.cfm). Los departamentos, municipios y centros poblados colombianos fueron codificados teniendo en cuenta la clasificación del DANE (división político-administrativa de Colombia Divipola) y los países el estándar ISO 3166-1. También se empleo Ramírez-Chaves, H. E., Suárez-Castro, A. F.&amp; J.F. González-Maya. 2016. Mammalogy Notes|Notas Mastozoológicas 1: 1-9. en el que se encuentras los cambios recientes a la lista de los Mamíferos de Colombia</para>
                </description>
            </qualityControl>
      </methods>

      <project >
          <title>Colección de Mamíferos de la Universidad del Valle</title>
          <personnel>
    <individualName>
<givenName>Alan</givenName>          <surName>Giraldo</surName>
    </individualName>
    <role>CONTENT_PROVIDER</role>
          </personnel>
          <personnel>
    <individualName>
<givenName>Oscar</givenName>          <surName>Murillo</surName>
    </individualName>
    <role>CURATOR</role>
          </personnel>
          <abstract>
              <para></para>
          </abstract>
          <funding>
              <para>Convenio de Cooperación No. 13-13-014-242ce entre el Instituto de Investigación de Recursos Biológicos Alexander von Humboldt y la Universidad del Valle.

Convenio de Cooperación No. 17-16-062-022CE entre el Instituto de Investigación de Recursos Biológicos Alexander von Humboldt y la Sociedad Colombiana de Mastozoología.</para>
          </funding>
            <designDescription>
                <description>
                    <para>Con la financiación proporcionada por el Instituto de Investigación de Recursos Biológicos Alexander von Humboldt y la Sociedad Colombiana de Mastozoología se realizó la estandarización y georreferenciación de las localidades asociadas a los registros y la publicación de los mismos.</para>
                </description>
            </designDescription>
      </project>
</dataset>

<additionalMetadata>
    <metadata>
      <gbif>
        <dateStamp>2020-01-16T17:19:52Z</dateStamp>
      <citation identifier="http://doi.org/10.15472/jzume7">Ruano Meneses L A, Arenas D, Murillo García O E, Giraldo A (2018). Colección de mamíferos de la Universidad del Valle. Version 7.2. Universidad del Valle. Occurrence dataset https://doi.org/10.15472/jzume7 accessed via GBIF.org on 2020-01-16.</citation>
              <bibliography>
      <citation>HOOFER, S.R., S. SOLARI, P.A. LARSEN, R.D. BRADLEY y R.J. BAKER. 2008. Phylogenetics of the fruit-eating bats (Phyllostomidae: Artibeina) inferred from mitochondrial DNA sequences. Occasional Papers, Museum of Texas Tech University 277:1-15.</citation>
      <citation>HOOFER, S. R. y R. J. Baker. 2006. Molecular systematics of Vampyressine bats (Phyllostomidae: Stenodermatinae) with comparison of direct and indirect surveys of mitochondrial DNA variation. Molecular Phylogenetics and Evolution 39: 424-438.</citation>
      <citation>GARDNER, A. L. 2007. Mammals of South America, Volume 1. The University of Chicago press,Chicago and London. 669p.</citation>
      <citation>VELAZCO, P.M. y A.L. GARDNER. 2009. A new species of Platyrrhinus (Chiroptera: Phyllostomidae) from western  Colombia and Ecuador, with emended diagnoses of P. aquilus, P. dorsalis, and P. umbratus. Proceedings of the Biological Society of Washington 122:249-281.</citation>
      <citation>RODRIGUEZ-MAHECHA, J.V., J.I. HERNÁNDEZ-CAMACHO, T.R. DEFLER, M. ALBERICO. R.B. MAST, R.A. MITTERMEIER y A. CADENA. 1995. Mamíferos Colombianos: sus nombres comunes e indígenas. Ocassional Papers in Conservation Biology 3:1-56.</citation>
      <citation>Codificación de la División Politicó-Administrativa de Colombia (Dvipola), available at: http://www.dane.gov.co (accessed 26 junio 2017).</citation>
      <citation>The IUCN Red List of Threatened species, available at: http://www.iucnredlist.org (accessed 25 junio 2017).</citation>
      <citation>Ramírez-Chaves, H.E., Suárez-Castro, A.F &amp; J.F. González-Maya, 2016. Mammalogy Notes | Notas Mastozoológicas 1: 1-9.</citation>
              </bibliography>
              <resourceLogoUrl>https://s3.amazonaws.com/sib-resources/images/logos-socios/portal-sib/Logo-uv.png</resourceLogoUrl>
              <collection>
                <parentCollectionIdentifier>UV</parentCollectionIdentifier>
                <collectionIdentifier>Registro Nacional de Colecciones Biológicas: 9</collectionIdentifier>
                <collectionName>Colección de Vertebrados Mamíferos de la Universidad del Valle</collectionName>
              </collection>
                <specimenPreservationMethod>MOUNTED</specimenPreservationMethod>
                  <jgtiCuratorialUnit>
                      <jgtiUnitType>Cráneos</jgtiUnitType>
                      <jgtiUnitRange>
                          <beginRange>5,000</beginRange>
                          <endRange>5,739</endRange>
                      </jgtiUnitRange>
                  </jgtiCuratorialUnit>
                  <jgtiCuratorialUnit>
                      <jgtiUnitType>Pieles</jgtiUnitType>
                      <jgtiUnitRange>
                          <beginRange>5,300</beginRange>
                          <endRange>5,720</endRange>
                      </jgtiUnitRange>
                  </jgtiCuratorialUnit>
        </gbif>
    </metadata>
</additionalMetadata>

</eml:eml>
