<?xml version="1.0" encoding="utf-8"?>
<eml:eml xmlns:eml="eml://ecoinformatics.org/eml-2.1.1" xmlns:xsi="http://www.w3.org/2001/XMLSchema-instance"
         xsi:schemaLocation="eml://ecoinformatics.org/eml-2.1.1 http://rs.gbif.org/schema/eml-gbif-profile/1.1/eml.xsd"
        packageId="854f70cc-55e3-4af2-9417-0f47d6c7902d"  system="http://gbif.org" scope="system"
  xml:lang="en">

<dataset>
      <alternateIdentifier>10.15468/yocqyp</alternateIdentifier>
        <alternateIdentifier>http://ipt.vertnet.org:8080/ipt/resource?r=ttu_mammals</alternateIdentifier>
        <alternateIdentifier>http://ipt.vertnet.org:8080/ipt/resource.do?r=ttu_mammals</alternateIdentifier>
        <alternateIdentifier>854f70cc-55e3-4af2-9417-0f47d6c7902d</alternateIdentifier>
    <title>TTU Mammals Collection</title>
    <creator>
    <individualName>
<givenName>Heath</givenName>          <surName>Garner</surName>
    </individualName>
<organizationName>Natural Science Research Laboratory, Museum of TTU</organizationName><positionName>Curator of Collections</positionName>    <address>
<deliveryPoint>3301 4th Street, PO Box 43191</deliveryPoint><city>Lubbock</city><administrativeArea>TX</administrativeArea><postalCode>79409</postalCode><country>UNITED_STATES</country>    </address>
<phone>+01 806-742-2486</phone><electronicMailAddress>heath.garner@ttu.edu</electronicMailAddress><onlineUrl>http://www.nsrl.ttu.edu</onlineUrl>    </creator>
    <metadataProvider>
    <individualName>
<givenName>Heath</givenName>          <surName>Garner</surName>
    </individualName>
<organizationName>Natural Science Research Laboratory, Museum of TTU</organizationName><positionName>Curator of Collections</positionName>    <address>
<deliveryPoint>3301 4th Street, PO Box 43191</deliveryPoint><city>Lubbock</city><administrativeArea>TX</administrativeArea><postalCode>79409</postalCode><country>UNITED_STATES</country>    </address>
<phone>+01 806-742-2486</phone><electronicMailAddress>heath.garner@ttu.edu</electronicMailAddress><onlineUrl>http://www.nsrl.ttu.edu</onlineUrl>    </metadataProvider>
    <associatedParty>
    <individualName>
<givenName>David</givenName>          <surName>Bloom</surName>
    </individualName>
<organizationName>VertNet</organizationName><positionName>VertNet Programmer</positionName><electronicMailAddress>dbloom@vertnet.org</electronicMailAddress><onlineUrl>http://www.vertnet.org</onlineUrl>    <role>PROGRAMMER</role>
    </associatedParty>
    <associatedParty>
    <individualName>
<givenName>David</givenName>          <surName>Bloom</surName>
    </individualName>
<organizationName>VertNet</organizationName><positionName>VertNet Coordinator</positionName><electronicMailAddress>dbloom@vertnet.org</electronicMailAddress><onlineUrl>http://www.vertnet.org</onlineUrl>    <role>PROGRAMMER</role>
    </associatedParty>
    <associatedParty>
    <individualName>
<givenName>John</givenName>          <surName>Wieczorek</surName>
    </individualName>
<organizationName>Museum of Vertebrate Zoology at UC Berkeley</organizationName><positionName>Information Architect</positionName><electronicMailAddress>tuco@berkeley.edu</electronicMailAddress>    <role>PROGRAMMER</role>
    </associatedParty>
    <associatedParty>
    <individualName>
<givenName>Robert</givenName>          <surName>Baker</surName>
    </individualName>
<organizationName>Museum of Texas Tech University</organizationName><positionName>NSRL Director/Curator of Mammals &amp; GRC</positionName>    <address>
<deliveryPoint>3301 4th Street, BOX 43191</deliveryPoint><city>Lubbock</city><administrativeArea>TX</administrativeArea><postalCode>79409-3191</postalCode><country>UNITED_STATES</country>    </address>
<phone>806-834-3678</phone><electronicMailAddress>robert.baker@ttu.edu</electronicMailAddress><onlineUrl>http://www.nsrl.ttu.edu/personnel/RJBaker/index.htm</onlineUrl>    <role>CURATOR</role>
    </associatedParty>
    <associatedParty>
    <individualName>
<givenName>Robert</givenName>          <surName>Bradley</surName>
    </individualName>
<organizationName>Museum of Texas Tech University</organizationName><positionName>Curator of Mammals</positionName>    <address>
<deliveryPoint>3301 4th Street, BOX 43191</deliveryPoint><administrativeArea>TX</administrativeArea><postalCode>79409-3191</postalCode><country>UNITED_STATES</country>    </address>
<phone>806-834-1303</phone><electronicMailAddress>robert.bradley@ttu.edu</electronicMailAddress><onlineUrl>http://www.nsrl.ttu.edu/personnel/RDBradley/index.htm</onlineUrl>    <role>CURATOR</role>
    </associatedParty>
      <pubDate>
      2016-12-22
      </pubDate>
    <language>ENGLISH</language>
    <abstract>
        <para>The NSRL’s recent mammal collection houses more than 118,000 research specimens. Nearly 80% of these specimens are in the form of dried skin and/or skull and skeletal material preparations, while the rest are fluid-preserved specimens housed in a separate collection area. The dried skin and skeletal preparations are stored in 732 metal cabinets. These cabinets are specially designed to keep the specimens safe from UV light, dust, occasional insect pests, and other harmful agents. Every specimen is labeled with information concerning its species, sex, collector, preparator, collecting location, and other pieces of collecting data. Each specimen has also been given a catalog number and its data verified and entered into a searchable computer database. All specimens of the same species are stored together, organized by country, state, county, and finally catalog number. Groups of related species are housed in adjacent cases. As with the Genetic Resources Collection, the majority of these specimens in this collection are bar coded and a project is underway to bar code the rest to facilitate the retrieval of associated data and to reduce time and effort spent by the NSRL staff in maintaining an organized collection.</para>
    </abstract>
        <keywordSet>
              <keyword>Occurrence</keyword>
              <keywordThesaurus>GBIF Dataset Type Vocabulary: http://rs.gbif.org/vocabulary/gbif/dataset_type.xml</keywordThesaurus>
        </keywordSet>
        <keywordSet>
              <keyword>Specimen</keyword>
              <keywordThesaurus>GBIF Dataset Subtype Vocabulary: http://rs.gbif.org/vocabulary/gbif/dataset_subtype.xml</keywordThesaurus>
        </keywordSet>
      <additionalInfo>
          <para>http://vertnet.org/resources/norms.html</para>
      </additionalInfo>
      <intellectualRights>
        <para>This work is licensed under a <ulink url="http://creativecommons.org/licenses/by/4.0/legalcode"><citetitle>Creative Commons Attribution (CC-BY) 4.0 License</citetitle></ulink>.</para>
      </intellectualRights>
      <distribution scope="document">
          <online>
              <url function="information">http://www.nsrl.ttu.edu/collections/Mammals/index.htm</url>
          </online>
      </distribution>
      <coverage>
            <geographicCoverage>
                  <geographicDescription>The mammal collection represents a permanent record of the natural history of the Lubbock area, Texas, and the United States in general. In addition, through the efforts of faculty, research associates, and students of Texas Tech University, the fauna of many other countries, such as former Yugoslavia, Paraguay, Mexico, and Peru, are represented in the collections as well. Since 2001, multiple studies have been conducted in Ecuador, Honduras, and in the Ukraine, as well as continuing throughout Texas.</geographicDescription>
                  <boundingCoordinates>
                      <westBoundingCoordinate>-180</westBoundingCoordinate>
                      <eastBoundingCoordinate>180</eastBoundingCoordinate>
                      <northBoundingCoordinate>90</northBoundingCoordinate>
                      <southBoundingCoordinate>-90</southBoundingCoordinate>
                  </boundingCoordinates>
            </geographicCoverage>
      </coverage>
      <maintenance>
          <description>
              <para></para>
          </description>
          <maintenanceUpdateFrequency>unkown</maintenanceUpdateFrequency>
      </maintenance>
      <contact>
    <individualName>
<givenName>Heath</givenName>          <surName>Garner</surName>
    </individualName>
<organizationName>Natural Science Research Laboratory, Museum of TTU</organizationName><positionName>Curator of Collections</positionName>    <address>
<deliveryPoint>3301 4th Street, PO Box 43191</deliveryPoint><city>Lubbock</city><administrativeArea>TX</administrativeArea><postalCode>79409</postalCode><country>UNITED_STATES</country>    </address>
<phone>+01 806-742-2486</phone><electronicMailAddress>heath.garner@ttu.edu</electronicMailAddress><onlineUrl>http://www.nsrl.ttu.edu</onlineUrl>      </contact>

</dataset>

<additionalMetadata>
    <metadata>
      <gbif>
        <dateStamp>2020-01-16T17:19:51Z</dateStamp>
      <citation>Garner H (2016). TTU Mammals Collection. Version 9.1. Museum of Texas Tech University (TTU). Occurrence dataset https://doi.org/10.15468/yocqyp accessed via GBIF.org on 2020-01-16.</citation>
              <collection>
                <parentCollectionIdentifier>Not Applicable</parentCollectionIdentifier>
                <collectionIdentifier>TTU-M</collectionIdentifier>
                <collectionName>Mammal Collection</collectionName>
              </collection>
              <livingTimePeriod>~1894-current year</livingTimePeriod>
                  <jgtiCuratorialUnit>
                      <jgtiUnitType>fluid-preserved specimens</jgtiUnitType>
                      <jgtiUnitRange>
                          <beginRange>30,500</beginRange>
                          <endRange>32,000</endRange>
                      </jgtiUnitRange>
                  </jgtiCuratorialUnit>
                  <jgtiCuratorialUnit>
                      <jgtiUnitType>skin and/or skeletal prepped specimens</jgtiUnitType>
                      <jgtiUnitRange>
                          <beginRange>76,500</beginRange>
                          <endRange>78,000</endRange>
                      </jgtiUnitRange>
                  </jgtiCuratorialUnit>
        </gbif>
    </metadata>
</additionalMetadata>

</eml:eml>
