<?xml version="1.0" encoding="utf-8"?>
<eml:eml xmlns:eml="eml://ecoinformatics.org/eml-2.1.1" xmlns:xsi="http://www.w3.org/2001/XMLSchema-instance"
         xsi:schemaLocation="eml://ecoinformatics.org/eml-2.1.1 http://rs.gbif.org/schema/eml-gbif-profile/1.1/eml.xsd"
        packageId="953c792e-1417-4d0a-97b6-b0a1d7c96f0d"  system="http://gbif.org" scope="system"
  xml:lang="es">

<dataset>
      <alternateIdentifier>10.15472/nhehct</alternateIdentifier>
        <alternateIdentifier>https://ipt.biodiversidad.co/sib/resource?r=utchcolteriornitologia</alternateIdentifier>
        <alternateIdentifier>doi:10.15472/56z7dt</alternateIdentifier>
        <alternateIdentifier>10.15472/56z7dt</alternateIdentifier>
        <alternateIdentifier>http://ipt.biodiversidad.co/sib/resource?r=utchcolteriornitologia</alternateIdentifier>
        <alternateIdentifier>10.15472/56z7dt</alternateIdentifier>
        <alternateIdentifier>10.15468/ci43bl</alternateIdentifier>
        <alternateIdentifier>http://data.biodiversidad.co/sib/resource?r=utchcolteriornitologia</alternateIdentifier>
        <alternateIdentifier>953c792e-1417-4d0a-97b6-b0a1d7c96f0d</alternateIdentifier>
        <alternateIdentifier>ff40fc2a-fef1-457e-a331-f6bf60e9453e</alternateIdentifier>
    <title>Colección Teriológica de la Universidad Tecnológica del Chocó</title>
    <creator>
    <individualName>
<givenName>Alex Mauricio</givenName>          <surName>Jimenez Ortega</surName>
    </individualName>
<organizationName>Universidad Tecnológica del Chocó</organizationName><positionName>Docente</positionName>    <address>
<deliveryPoint>Calle 29 N. 12 20 Barrio San Judas</deliveryPoint><city>Quibdó</city><administrativeArea>Chocó</administrativeArea><postalCode>57</postalCode><country>COLOMBIA</country>    </address>
<phone>3122042327</phone><electronicMailAddress>alexmauriciojimenez@gmail.com</electronicMailAddress>    </creator>
    <metadataProvider>
    <individualName>
<givenName>Orfelina</givenName>          <surName>Medina</surName>
    </individualName>
<organizationName>Universidad Tecnológica del Chocó</organizationName><positionName>Curadora</positionName>    <address>
<deliveryPoint>Cl.16 Nº 6-43 Barrio Niño jesus</deliveryPoint><city>Quibdó</city><administrativeArea>Chocó</administrativeArea><postalCode>57</postalCode><country>COLOMBIA</country>    </address>
<phone>3117395156</phone><electronicMailAddress>medinaorfe@gmail.com</electronicMailAddress>    </metadataProvider>
    <associatedParty>
    <individualName>
<givenName>Orfelina</givenName>          <surName>Medina</surName>
    </individualName>
<organizationName>Universidad Tecnológica del Chocó</organizationName><positionName>Directora</positionName>    <address>
<deliveryPoint>Cl.16 Nº 6-43 Barrio Niño jesus</deliveryPoint><city>Quibdó</city><administrativeArea>Chocó</administrativeArea><postalCode>57</postalCode><country>COLOMBIA</country>    </address>
<phone>3117395156</phone><electronicMailAddress>medinaorfe@gmail.com</electronicMailAddress>    <role>USER</role>
    </associatedParty>
    <associatedParty>
    <individualName>
<givenName>Alex Mauricio</givenName>          <surName>Jimenez Ortega</surName>
    </individualName>
<organizationName>Universidad Tecnológica del Chocó</organizationName><positionName>Docente</positionName>    <address>
<deliveryPoint>Calle 29 N. 12 - 20 Barrio San Judas</deliveryPoint><city>Quibdó</city><administrativeArea>Chocò</administrativeArea><postalCode>57</postalCode><country>COLOMBIA</country>    </address>
<phone>3122042327</phone><electronicMailAddress>alexmauriciojimenez@gmail.com</electronicMailAddress>    <role>PRINCIPAL_INVESTIGATOR</role>
    </associatedParty>
    <associatedParty>
    <individualName>
<givenName>Jilbher</givenName>          <surName>Quinto Mosquera</surName>
    </individualName>
<organizationName>Universidad Tecnológica del Chocó</organizationName><positionName>Curador</positionName>    <address>
<deliveryPoint>Calle 16 N. 24-54 Barrio Jardin sector las Camelias</deliveryPoint><city>Quibdó</city><administrativeArea>Chocò</administrativeArea><postalCode>57</postalCode><country>COLOMBIA</country>    </address>
<phone>3128086246</phone><electronicMailAddress>jilbher@gmail.com</electronicMailAddress>    <role>CURATOR</role>
    </associatedParty>
    <associatedParty>
    <individualName>
<givenName>Denia Yine</givenName>          <surName>Mosquera Valderrama</surName>
    </individualName>
<organizationName>Universidad Tecnológica del Chocó</organizationName><positionName>Curadora</positionName>    <address>
<deliveryPoint>Cll 22 Nro. 17-54 Barrio Los Rosales</deliveryPoint><city>Quibdó</city><administrativeArea>Chocó</administrativeArea><postalCode>57</postalCode><country>COLOMBIA</country>    </address>
<phone>3124672542</phone><electronicMailAddress>deniavalderrama@gmail.com</electronicMailAddress>    <role>CURATOR</role>
    </associatedParty>
    <associatedParty>
    <individualName>
<givenName>Luis Alberto</givenName>          <surName>Moreno Amud</surName>
    </individualName>
<organizationName>Universidad Tecnológica del Chocó</organizationName><positionName>Curador</positionName>    <address>
<deliveryPoint>Calle 22 N. 13b - 63 Barrio Jardin sector los Rosales</deliveryPoint><city>Quibdó</city><administrativeArea>Chocó</administrativeArea><postalCode>57</postalCode><country>COLOMBIA</country>    </address>
<phone>3206039662</phone><electronicMailAddress>amud24@gmail.com</electronicMailAddress>    <role>CURATOR</role>
    </associatedParty>
    <associatedParty>
    <individualName>
<givenName>Yucely del Carmen</givenName>          <surName>Copete Mosquera</surName>
    </individualName>
<organizationName>Universidad Tecnológica del Chocó</organizationName><positionName>Curadora</positionName>    <address>
<deliveryPoint>Cra 5ª N. 13 - 14 Barrio San Vicente</deliveryPoint><city>Quibdó</city><administrativeArea>Chocó</administrativeArea><postalCode>57</postalCode><country>COLOMBIA</country>    </address>
<phone>3206068757</phone><electronicMailAddress>yucacomo@gmail.com</electronicMailAddress>    <role>CURATOR</role>
    </associatedParty>
    <associatedParty>
    <individualName>
<givenName>Leison</givenName>          <surName>Palacios Mosquera</surName>
    </individualName>
<organizationName>Universidad Tecnológica del Chocó</organizationName><positionName>Curador</positionName>    <address>
<deliveryPoint>Cra 11 N. 28-09 Barrio San Judas</deliveryPoint><city>Quibdó</city><administrativeArea>Chocó</administrativeArea><postalCode>57</postalCode><country>COLOMBIA</country>    </address>
<phone>3218859292</phone><electronicMailAddress>lepamo8@gmail.com</electronicMailAddress>    <role>CURATOR</role>
    </associatedParty>
      <pubDate>
      2018-12-20
      </pubDate>
    <language>SPANISH</language>
    <abstract>
        <para>Actualmente la Colección reúne cerca de 1871 especímenes de Mamíferos, los cuales cuentan con un nivel de identificación hasta especie en un 96% aproximadamente. Los especímenes de esta colección son irreemplazables, por lo que se emplean técnicas adecuadas de inclusión, organización, sistematización y preservación, que aseguren la conservación a largo plazo de los especímenes depositados en ella, ya que esto dependerá, en buena parte, la investigación taxonómica del futuro. La información de cada ejemplar es almacenada en una base de datos basada en el software Specify, en la cual se incluyen datos de taxonomía, captura, morfometría e imágenes, ademas estos ejemplares fueron georreferenciados y publicados a través del portal del SiB Colombia.</para>
    </abstract>
        <keywordSet>
              <keyword>Biodiversidad</keyword>
              <keyword>Carnivoros</keyword>
              <keyword>Marsupiales</keyword>
              <keyword>Mamíferos</keyword>
              <keyword>Chocó</keyword>
              <keyword>Roedores</keyword>
              <keywordThesaurus>n/a</keywordThesaurus>
        </keywordSet>
        <keywordSet>
              <keyword>Occurrence</keyword>
              <keywordThesaurus>GBIF Dataset Type Vocabulary: http://rs.gbif.org/vocabulary/gbif/dataset_type.xml</keywordThesaurus>
        </keywordSet>
        <keywordSet>
              <keyword>Specimen</keyword>
              <keywordThesaurus>GBIF Dataset Subtype Vocabulary: http://rs.gbif.org/vocabulary/gbif/dataset_subtype.xml</keywordThesaurus>
        </keywordSet>
      <intellectualRights>
        <para>To the extent possible under law, the publisher has waived all rights to these data and has dedicated them to the <ulink url="http://creativecommons.org/publicdomain/zero/1.0/legalcode"><citetitle>Public Domain (CC0 1.0)</citetitle></ulink>. Users may copy, modify, distribute and use the work, including for commercial purposes, without restriction.</para>
      </intellectualRights>
      <coverage>
            <geographicCoverage>
                  <geographicDescription>El recurso biológico de la Colección Teriológica de la Universidad Tecnológica del Chocó, cuenta con una cobertura geográfica que abarca  todo el departamento del Chocó, la cual comprende municipios como: Atrato, Medio Atrato, Unión Panamericana, Tado, Lloró, Bahia Solano, Alto Baudó, Condoto, Carmen de Atrato, Unguía, entre otros. Adicionalmente, cuenta con registros del municipio de Chigorodó, del departamento de Antioquia.</geographicDescription>
                  <boundingCoordinates>
                      <westBoundingCoordinate>-77.716</westBoundingCoordinate>
                      <eastBoundingCoordinate>-76.383</eastBoundingCoordinate>
                      <northBoundingCoordinate>8.179</northBoundingCoordinate>
                      <southBoundingCoordinate>5.046</southBoundingCoordinate>
                  </boundingCoordinates>
            </geographicCoverage>
          <temporalCoverage>
            <rangeOfDates>
              <beginDate>
                <calendarDate>      1998-09-09
</calendarDate>
              </beginDate>
              <endDate>
                <calendarDate>      2019-02-16
</calendarDate>
              </endDate>
            </rangeOfDates>
          </temporalCoverage>
              <taxonomicCoverage>
                    <generalTaxonomicCoverage>La Colección Teriológica del Chocó esta representada por 14 familias de Mamíferos, de las cuales la mejor representada en cuanto a mamíferos es Phyllostomidae.</generalTaxonomicCoverage>
                    <taxonomicClassification>
                          <taxonRankName>Family</taxonRankName>
                        <taxonRankValue>Phyllostomidae</taxonRankValue>
                    </taxonomicClassification>
                    <taxonomicClassification>
                          <taxonRankName>Family</taxonRankName>
                        <taxonRankValue>Molossidae</taxonRankValue>
                    </taxonomicClassification>
                    <taxonomicClassification>
                          <taxonRankName>Family</taxonRankName>
                        <taxonRankValue>Vespertilionidae</taxonRankValue>
                    </taxonomicClassification>
                    <taxonomicClassification>
                          <taxonRankName>Family</taxonRankName>
                        <taxonRankValue>Echimyidae</taxonRankValue>
                    </taxonomicClassification>
                    <taxonomicClassification>
                          <taxonRankName>Family</taxonRankName>
                        <taxonRankValue>Emballonuridae</taxonRankValue>
                    </taxonomicClassification>
                    <taxonomicClassification>
                          <taxonRankName>Family</taxonRankName>
                        <taxonRankValue>Didelphidae</taxonRankValue>
                    </taxonomicClassification>
                    <taxonomicClassification>
                          <taxonRankName>Family</taxonRankName>
                        <taxonRankValue>Mustelidae</taxonRankValue>
                    </taxonomicClassification>
                    <taxonomicClassification>
                          <taxonRankName>Family</taxonRankName>
                        <taxonRankValue>Canidae</taxonRankValue>
                    </taxonomicClassification>
                    <taxonomicClassification>
                          <taxonRankName>Family</taxonRankName>
                        <taxonRankValue>Cricetidae</taxonRankValue>
                    </taxonomicClassification>
                    <taxonomicClassification>
                          <taxonRankName>Family</taxonRankName>
                        <taxonRankValue>Desmodontinae</taxonRankValue>
                    </taxonomicClassification>
                    <taxonomicClassification>
                          <taxonRankName>Family</taxonRankName>
                        <taxonRankValue>Thyropteridae</taxonRankValue>
                    </taxonomicClassification>
                    <taxonomicClassification>
                          <taxonRankName>Family</taxonRankName>
                        <taxonRankValue>Noctilionidae</taxonRankValue>
                    </taxonomicClassification>
                    <taxonomicClassification>
                          <taxonRankName>Family</taxonRankName>
                        <taxonRankValue>Mormoopidae</taxonRankValue>
                    </taxonomicClassification>
                    <taxonomicClassification>
                          <taxonRankName>Family</taxonRankName>
                        <taxonRankValue>Heteromyidae</taxonRankValue>
                    </taxonomicClassification>
              </taxonomicCoverage>
      </coverage>
      <maintenance>
          <description>
              <para></para>
          </description>
          <maintenanceUpdateFrequency>unkown</maintenanceUpdateFrequency>
      </maintenance>
      <contact>
    <individualName>
<givenName>Orfelina</givenName>          <surName>Rios Medina</surName>
    </individualName>
<organizationName>Universidad Tecnológica del Chocó</organizationName><positionName>Directora</positionName>    <address>
<deliveryPoint>Cl.16 Nº 6-43 Barrio Niño jesus</deliveryPoint><city>Quibdó</city><administrativeArea>Chocó</administrativeArea><postalCode>57</postalCode><country>COLOMBIA</country>    </address>
<phone>3117395156</phone><electronicMailAddress>medinaorfe@gmail.com</electronicMailAddress>      </contact>
      <methods>
            <methodStep>
                <description>
                    <para>Una vez en campo, se hace un reconocimiento del área, se toma el punto de muestreo mediante un GPS, luego se procede a instalar las redes de nieblas entre las 17:00 y las 24:00

Los especímenes capturados se extraían de las trampas y redes manualmente y se depositaban individualmente en bolsas de tela  y/o jaulas para su posterior determinación e igualmente se realizaron registros fotográficos y de información biológica y ecológica. Se conservaron ejemplares que fueron registrados en una libreta de campo con sus correspondientes datos de captura. Durante el estudio se determinó la edad y sexo de los especímenes capturados. La edad se estableció teniendo en cuenta, el peso, tamaño, textura del pelaje y las características generales del individuo (se agrupó en cinco categorías; juveniles, adultos, subadultos, lactantes e indeterminados). En cuanto el sexo, se determinó mediante la observación de los órganos reproductivos. Los individuos en periodo de lactancia se determinaron, por la presencia de leche al apisonar las glándulas mamarias. A cada espécimen capturado se le tomaron las medidas correspondientes para su determinación taxonómica: peso total (w) con una balanza micrométrica, longitud total del cuerpo (LT), longitud cola (LC), longitud del pie (Lp.), longitud oreja (LO), , tibia - pie (TP), antebrazo (AB), envergadura (E), hoja nasal (HN), longitud trago (Ltr) y tercer metacarpal (3MC), con un calibrador graduado en milímetros y una cinta métrica, Determinación taxonómica: La determinación taxonómica se realizó con base en claves especializadas, comparación con material de otras colecciones científicas de referencia. Todo lo anterior son datos de vital importancia a la hora de ser ingresado a la colección y finalmente fueron ingresados en la base de datos de la colección.</para>
                </description>
            </methodStep>
            <sampling>
                <studyExtent>
                    <description>
                        <para>El recurso biológico de la Colección Teriológica de la Universidad Tecnológica del Chocó, tiene un periodo de existencia desde 1999 hasta el presente año. esta documentada en varias áreas de estudios dentro de la geografía Chocoana, abarcando un gran numero de municipios, entre estos: Quibdó, Medio Atrato, Alto Baudo, Bahía Solano, Tado, Lloro, Unión Panamericana.Igualmente se tienen registros de áreas de otros departamentos como: Antioquia</para>
                    </description>
                </studyExtent>
                <samplingDescription>
                    <para>Para la captura de roedores y marsupiales se utilizaron diferentes tipos de trampas (trampas Sherman, trampas tradicionales tipo cajón); las cuales se instalaron en diferentes microhábitats como: orillas de quebradas, caminos, senderos naturales, raíces de árboles en fructificación y cerca de cuevas, entre otros. Para el caso de los murciélagos los muestreos se utilizaron redes de niebla de poliéster de color negro de 6 x 3 m y 12 x 3 m, con un ojo de malla de 1.5 cm. Las redes eran instaladas entre las 17:00 y las 24:00 horas y revisadas cada 15 minutos, con el fin de retirar los murciélagos que quedaban atrapados, para evitar que sufrieran daños físicos. También se utilizaron jamás y guantes de cuero para la captura en sus aseladeros (sitios de refugio: puentes, techos de viviendas, obras de carretera, entre otros).</para>
                </samplingDescription>
            </sampling>
            <qualityControl>
                <description>
                    <para>Para el control de calidad de los datos, es necesario asegurarse que estos cuenten con toda la información requerida a la hora de ir a campo (localidad y coordenadas del sitio donde fueron colectados, como es el bosque, &quot;primario, secundario&quot;, cabe destacar que en el momento de hacer las consultas previas de los sitios donde se colecta utilizamos la división política administrativa  &quot;DIVIPOLA&quot; con el fin de corroborar las localidades.</para>
                </description>
            </qualityControl>
      </methods>

      <project >
          <title>Colección Teriológica de la Universidad Tecnológica del Chocó</title>
          <personnel>
    <individualName>
<givenName>Alex Mauricio</givenName>          <surName>Jimenez Ortega</surName>
    </individualName>
    <role>PRINCIPAL_INVESTIGATOR</role>
          </personnel>
          <abstract>
              <para></para>
          </abstract>
          <funding>
              <para>El recurso biológico de la Colección Teriológica de la Universidad Tecnológica del Chocó, está sujeto bajo el convenio de Cooperación Nº 13-13-014-236CE, entre el Instituto de  investigaciones de Recursos Biológicos Alexander Von Humboldt y la Universidad Tecnológica del Chocó &quot;Diego Luis Córdoba&quot;</para>
          </funding>
            <studyAreaDescription>
                <descriptor name="generic" citableClassificationSystem="false">
                    <descriptorValue>El recurso biológico de la Colección Teriológica de la Universidad Tecnológica del Chocó, tiene un periodo de existencia desde el año de 1999 hasta la actualidad y se encuentra documentada en varias áreas de estudios dentro de la geografía Chocoana, abarcando un gran número de municipios, donde sobresalen: Atrato, Alto Baudó, Medio Atrato, Quibdó, Medio San Juan, Unguía, Unión Panamericana, Tadó, Lloró, Bahía Solano y Condoto.</descriptorValue>
                </descriptor>
            </studyAreaDescription>
            <designDescription>
                <description>
                    <para>El recurso biológico de la Colección Teriológica de la Universidad Tecnológica del Chocó, se creó con el fin de dar a conocer la gran diversidad de mamíferos que posee el departamento del Chocó y a su vez promover la protección y conservación de estos.</para>
                </description>
            </designDescription>
      </project>
</dataset>

<additionalMetadata>
    <metadata>
      <gbif>
        <dateStamp>2020-01-16T17:19:50Z</dateStamp>
      <citation identifier="https://doi.org/10.15472/nhehct">Jimenez Ortega A M, Medina O (2018). Colección Teriológica de la Universidad Tecnológica del Chocó. Version 5.3. Universidad Tecnológica del Chocó. Occurrence dataset https://doi.org/10.15472/nhehct accessed via GBIF.org on 2020-01-16.</citation>
              <bibliography>
      <citation>Estrada, A. y R. Coates-Estrada y D. Meritt Jr. 1993. Bat species richness and abundance in tropical rain forest fragments and agricultural habitats at Los Tuxtlas, México. Ecography 16: 309-318.</citation>
      <citation>Fenton, M. B., L. Acharya, D. Audet, M. B. C. Hickey, C. Merriman, M. K. Obrist, D. M. Syme, and B. Adkins. 1992. Phyllostomid bats (Chiroptera: Phyllostomidae) as indicators of habitat disruption in the Neotropics. Biotropica 24:440–446.</citation>
      <citation>Jiménez-Ortega, A. M., J. Muñoz- Arango, N. G. Patiño, A. M. Gonzales y O. Y. Secaida-Mena. 2002. Estudio de algunas comunidades de quirópteros en bosque tropical y bosque muy húmedo tropical del Chocó (Colombia). Revista institucional, Universidad Tecnológica del Chocó (15):14-26.</citation>
      <citation>Jiménez-Ortega, A. M., J. Muñoz- Arango, N. G. Patiño, A. M. Gonzales y O. Y. Secaida-Mena. 2002. Estudio de algunas comunidades de quirópteros en bosque tropical y bosque muy húmedo tropical del Chocó (Colombia). Revista institucional, Universidad Tecnológica del Chocó (15):14-26.</citation>
      <citation>Mantilla. M.H., A.M. Jiménez-Ortega, and R.J. Baker. 2009. Phyllostomid bats of Colombia: Annotated Checklist, Distribution, and Biogeography. 1-56pp.</citation>
      <citation>Jiménez-Ortega, AM. 2013. Conocimiento y Conservación de los Murciélagos Filostómidos (Chiroptera: Phyllostomidae) Y su utilidad como Bioindicadores de la Perturbación de los Bosques Neotropicales. Tesis de grado de Doctor en Ecologia y Medio Ambiente. Universidad Autónoma de Madrid. Pp 1-216</citation>
      <citation>Solari S, Muñoz-Saba Y, Rodríguez-Mahecha J, V. 2013. Riqueza, Endemismo y Conservación de los Mamíferos de Colombia Mastozoología Neotropical; Pp. 65-65. 20 (2):301-365 pp.</citation>
      <citation>Solari S, y Martinez-Arias, V. 2014. Cambios recientes en la sistematica y taxonomia de  murcielagos Neotropicales (Mammalia: Chiroptera); 5 (1):167-196 pp.</citation>
              </bibliography>
              <resourceLogoUrl>https://s3.amazonaws.com/sib-resources/images/logos-socios/portal-sib/Logo-utc.png</resourceLogoUrl>
              <collection>
                <parentCollectionIdentifier>ColTer-Chocó</parentCollectionIdentifier>
                <collectionIdentifier>Registro Nacional de Colecciones Biológicas: 195</collectionIdentifier>
                <collectionName>Colección Teriológica de la Universidad Tecnológica del Chocó</collectionName>
              </collection>
                <specimenPreservationMethod>MOUNTED</specimenPreservationMethod>
                  <jgtiCuratorialUnit>
                      <jgtiUnitType>caja</jgtiUnitType>
                      <jgtiUnitRange>
                          <beginRange>1,000</beginRange>
                          <endRange>1,500</endRange>
                      </jgtiUnitRange>
                  </jgtiCuratorialUnit>
        </gbif>
    </metadata>
</additionalMetadata>

</eml:eml>
