<?xml version="1.0" encoding="utf-8"?>
<eml:eml xmlns:eml="eml://ecoinformatics.org/eml-2.1.1" xmlns:xsi="http://www.w3.org/2001/XMLSchema-instance"
         xsi:schemaLocation="eml://ecoinformatics.org/eml-2.1.1 http://rs.gbif.org/schema/eml-gbif-profile/1.1/eml.xsd"
        packageId="a1a94e37-171d-41b0-a65d-b75664d4f9c0"  system="http://gbif.org" scope="system"
  xml:lang="es">

<dataset>
      <alternateIdentifier>10.15472/qkfkbl</alternateIdentifier>
        <alternateIdentifier>http://ipt.biodiversidad.co/sib/resource?r=avesymamif</alternateIdentifier>
        <alternateIdentifier>10.15468/4ocigh</alternateIdentifier>
        <alternateIdentifier>http://data.biodiversidad.co/sib/resource?r=avesymamif</alternateIdentifier>
        <alternateIdentifier>http://ipt.sibcolombia.net/sib/resource.do?r=avesymamif</alternateIdentifier>
        <alternateIdentifier>a1a94e37-171d-41b0-a65d-b75664d4f9c0</alternateIdentifier>
    <title>Inventario de Aves y Mamíferos en humedales del departamento de Córdoba</title>
    <creator>
    <individualName>
<givenName>GINA</givenName>          <surName>NUÑEZ ZABALA</surName>
    </individualName>
<organizationName>CVS</organizationName><positionName>BIÓLOGA</positionName>    <address>
<deliveryPoint>CALLE 29 N°2-43 ED. MORINDO</deliveryPoint><city>MONTERIA</city><administrativeArea>CORDOBA</administrativeArea><postalCode>230002</postalCode><country>COLOMBIA</country>    </address>
<phone>7829950 EXT. 304</phone><electronicMailAddress>gina.nunez@cvs.gov.co</electronicMailAddress><onlineUrl>http://www.cvs.gov.co/</onlineUrl>    </creator>
    <metadataProvider>
    <individualName>
<givenName>Gina</givenName>          <surName>Nuñez</surName>
    </individualName>
<organizationName>CVS</organizationName><positionName>Bióloga</positionName>    <address>
<deliveryPoint>CALLE 29 N° 2- 43 ED. MORINDO</deliveryPoint><city>MONTERIA</city><administrativeArea>CÓRDOBA</administrativeArea><postalCode>230002</postalCode><country>COLOMBIA</country>    </address>
<phone>7829950 EXT. 304</phone><electronicMailAddress>gina.nunez@cvs.gov.co</electronicMailAddress><onlineUrl>http://www.cvs.gov.co/</onlineUrl>    </metadataProvider>
    <associatedParty>
    <individualName>
<givenName>Gina</givenName>          <surName>Nuñez</surName>
    </individualName>
<organizationName>CVS</organizationName><positionName>Bióloga</positionName>    <address>
<deliveryPoint>CALLE 29 N° 2- 43 ED. MORINDO</deliveryPoint><city>MONTERIA</city><administrativeArea>CÓRDOBA</administrativeArea><postalCode>230002</postalCode><country>COLOMBIA</country>    </address>
<phone>7829950 EXT. 304</phone><electronicMailAddress>gina.nunez@cvs.gov.co</electronicMailAddress><onlineUrl>http://www.cvs.gov.co/</onlineUrl>    <role>USER</role>
    </associatedParty>
      <pubDate>
      2018-08-01
      </pubDate>
    <language>SPANISH</language>
    <abstract>
        <para>Este estudio presenta un inventario de especies de aves y mamíferos que han sido registrados en los humedales del departamento de Córdoba,  tiene como propósito satisfacer la necesidad de información del departamento en cuanto a la biodiversidad en estos ecosistemas que se encuentran bastante deteriorados, contribuyendo así como insumo para la toma de decisiones sobre el manejo y la conservación de estas especies. Se realizó revisión de información secundaria procedente de los instrumentos de planificación de la Corporación Autónoma Regional de los valles del Sinú y del San Jorge- CVS. Por otro lado se generó información cartográfica  sobre los grupos de aves y mamíferos encontrados en el departamento de Córdoba en formatos shape file, usando el software ArcGis versión 10.2.  Se encontraron 180 especies de la clase Aves y 49 especies de clase Mammalia. La zona con mayor representatividad de especies de aves fue Pueblo Nuevo, mientras que en Ayapel se presentó el mayor número de mamíferos. Por otra parte en las tres ciénagas del complejo Porro-Arcial-Cintura se registró el menor número de aves, debido a la intervención antrópica.</para>
    </abstract>
        <keywordSet>
              <keyword>Occurrence</keyword>
              <keywordThesaurus>GBIF Dataset Type Vocabulary: http://rs.gbif.org/vocabulary/gbif/dataset_type.xml</keywordThesaurus>
        </keywordSet>
        <keywordSet>
              <keyword>Observation</keyword>
              <keywordThesaurus>GBIF Dataset Subtype Vocabulary: http://rs.gbif.org/vocabulary/gbif/dataset_subtype.xml</keywordThesaurus>
        </keywordSet>
      <intellectualRights>
        <para>This work is licensed under a <ulink url="http://creativecommons.org/licenses/by-nc/4.0/legalcode"><citetitle>Creative Commons Attribution Non Commercial (CC-BY-NC) 4.0 License</citetitle></ulink>.</para>
      </intellectualRights>
      <maintenance>
          <description>
              <para></para>
          </description>
          <maintenanceUpdateFrequency>unkown</maintenanceUpdateFrequency>
      </maintenance>
      <contact>
    <individualName>
<givenName>KATIANA</givenName>          <surName>MARQUEZ</surName>
    </individualName>
<organizationName>CVS</organizationName><positionName>PROFESIONAL EPECIALIZADO</positionName>    <address>
<deliveryPoint>CALLE 29 N° 2-43 ED. MORINDO</deliveryPoint><city>MONTERIA</city><administrativeArea>CORDOBA</administrativeArea><country>COLOMBIA</country>    </address>
<phone>7829950 EXT. 304</phone><electronicMailAddress>katiana.marquez@cvs.gov.co</electronicMailAddress><onlineUrl>http://www.cvs.gov.co/</onlineUrl>      </contact>

</dataset>

<additionalMetadata>
    <metadata>
      <gbif>
        <dateStamp>2020-01-16T17:19:51Z</dateStamp>
      <citation identifier="http://doi.org/10.15472/qkfkbl">NUÑEZ ZABALA G, Nuñez G (2018). Inventario de Aves y Mamíferos en humedales del departamento de Córdoba. Version 3.2. Corporacion Autonoma Regional de los Valles del Sinú y del San Jorge-CVS. Occurrence dataset https://doi.org/10.15472/qkfkbl accessed via GBIF.org on 2020-01-16.</citation>
              <resourceLogoUrl>https://s3.amazonaws.com/sib-resources/images/logos-socios/portal-sib/Logo-cvs.png</resourceLogoUrl>
        </gbif>
    </metadata>
</additionalMetadata>

</eml:eml>
