<?xml version="1.0" encoding="utf-8"?>
<eml:eml xmlns:eml="eml://ecoinformatics.org/eml-2.1.1" xmlns:xsi="http://www.w3.org/2001/XMLSchema-instance"
         xsi:schemaLocation="eml://ecoinformatics.org/eml-2.1.1 http://rs.gbif.org/schema/eml-gbif-profile/1.1/eml.xsd"
        packageId="1a58ec89-e5d4-4b2b-9ed3-1c8b5f70f4fc"  system="http://gbif.org" scope="system"
  xml:lang="es">

<dataset>
      <alternateIdentifier>10.15472/mnevig</alternateIdentifier>
        <alternateIdentifier>https://ipt.biodiversidad.co/sib/resource?r=mamif_caldas</alternateIdentifier>
        <alternateIdentifier>1a58ec89-e5d4-4b2b-9ed3-1c8b5f70f4fc</alternateIdentifier>
        <alternateIdentifier>http://ipt.biodiversidad.co/sib/resource?r=mamif_caldas</alternateIdentifier>
    <title>Museo de Historia Natural, Colección de Vertebrados e Invertebrados - Colección de Mamíferos</title>
    <creator>
    <individualName>
<givenName>Héctor E.</givenName>          <surName>Ramírez-Chaves</surName>
    </individualName>
<organizationName>Universidad de Caldas</organizationName><positionName>Docente</positionName>    <address>
<deliveryPoint>Calle 65 # 26-10</deliveryPoint><city>Manizales</city><administrativeArea>Caldas</administrativeArea><country>COLOMBIA</country>    </address>
<electronicMailAddress>hector.ramirez@ucaldas.edu.co</electronicMailAddress>      <userId directory="https://orcid.org/">0000-0002-2454-9482</userId>
    </creator>
    <creator>
    <individualName>
<givenName>Ingrith Yuliany</givenName>          <surName>Mejía Fontecha</surName>
    </individualName>
<organizationName>Universidad de Caldas</organizationName><positionName>Estudiante</positionName>    <address>
<deliveryPoint>Calle 65 # 26-10</deliveryPoint><city>Manizales</city><administrativeArea>Caldas</administrativeArea><country>COLOMBIA</country>    </address>
<electronicMailAddress>ingrith.1711312024@ucaldas.edu.co</electronicMailAddress>    </creator>
    <creator>
    <individualName>
<givenName>Daniela</givenName>          <surName>Velasquez</surName>
    </individualName>
<organizationName>Universidad de Caldas</organizationName><positionName>Estudiante Maestría</positionName>    <address>
<deliveryPoint>Calle 65 # 26-10</deliveryPoint><city>Manizales</city><administrativeArea>Caldas</administrativeArea><postalCode>170003</postalCode><country>COLOMBIA</country>    </address>
    </creator>
    <creator>
    <individualName>
<givenName>Daniel</givenName>          <surName>Castaño</surName>
    </individualName>
<organizationName>Universidad de Caldas</organizationName><positionName>Egresado</positionName>    <address>
<deliveryPoint>Calle 65 # 26-10</deliveryPoint><city>Manizales</city><administrativeArea>Caldas</administrativeArea><postalCode>170003</postalCode><country>COLOMBIA</country>    </address>
    </creator>
    <creator>
    <individualName>
<givenName>David</givenName>          <surName>Ocampo</surName>
    </individualName>
<organizationName>Universidad de Caldas</organizationName><positionName>Egresado</positionName>    <address>
<deliveryPoint>Calle 65 # 26-10</deliveryPoint><city>Manizales</city><administrativeArea>Caldas</administrativeArea><postalCode>170003</postalCode><country>COLOMBIA</country>    </address>
    </creator>
    <metadataProvider>
    <individualName>
<givenName>Héctor E.</givenName>          <surName>Ramírez-Chaves</surName>
    </individualName>
<organizationName>Universidad de Caldas</organizationName><positionName>Docente</positionName>    <address>
<deliveryPoint>Calle 65 # 26-10</deliveryPoint><city>Manizales</city><administrativeArea>Caldas</administrativeArea><country>COLOMBIA</country>    </address>
<electronicMailAddress>hector.ramirez@ucaldas.edu.co</electronicMailAddress>    </metadataProvider>
    <associatedParty>
    <individualName>
<givenName>Héctor E.</givenName>          <surName>Ramírez-Chaves</surName>
    </individualName>
<organizationName>Universidad de Caldas</organizationName><positionName>Docente</positionName>    <address>
<deliveryPoint>Calle 65 # 26-10</deliveryPoint><city>Manizales</city><administrativeArea>Caldas</administrativeArea><country>COLOMBIA</country>    </address>
<electronicMailAddress>hector.ramirez@ucaldas.edu.co</electronicMailAddress>    <role>PUBLISHER</role>
    </associatedParty>
      <pubDate>
      2019-09-30
      </pubDate>
    <language>SPANISH</language>
    <abstract>
        <para>Se presentan la información de 2114 registros depositados en la Colección de Mamíferos del Museo de Historia Natural de la Universidad de Caldas, que a la fecha se constituye en la más completa del Eje Cafetero. La mayoría de los registros (n&amp;#61;1371) proceden del departamento de Caldas, sin embargo, se cuenta con registros para 20 departamentos más. Los órdenes más representativos son Chiroptera (n&amp;#61;1321) y Rodentia (n&amp;#61;434)</para>
    </abstract>
        <keywordSet>
              <keyword>Occurrence</keyword>
              <keywordThesaurus>GBIF Dataset Type Vocabulary: http://rs.gbif.org/vocabulary/gbif/dataset_type.xml</keywordThesaurus>
        </keywordSet>
        <keywordSet>
              <keyword>Eje Cafetero</keyword>
              <keyword>Colombia</keyword>
              <keyword>Mammalia</keyword>
              <keyword>Universidad de Caldas</keyword>
              <keyword>Mamíferos</keyword>
              <keywordThesaurus>GBIF Dataset Subtype Vocabulary: http://rs.gbif.org/vocabulary/gbif/dataset_subtype.xml</keywordThesaurus>
        </keywordSet>
      <intellectualRights>
        <para>This work is licensed under a <ulink url="http://creativecommons.org/licenses/by-nc/4.0/legalcode"><citetitle>Creative Commons Attribution Non Commercial (CC-BY-NC) 4.0 License</citetitle></ulink>.</para>
      </intellectualRights>
      <distribution scope="document">
          <online>
              <url function="information">https://scholar.google.com/citations?hl=es&amp;user=_q9scQgAAAAJ&amp;view_op=list_works&amp;sortby=pubdate</url>
          </online>
      </distribution>
      <coverage>
            <geographicCoverage>
                  <geographicDescription>Comprende todo el territorio colombiano; existen registros para 21 de los 32 departamentos del país (Figura 2). Los departamentos de Caldas y Tolima presentan el mayor número de registros 1371 y 110, respectivamente. Los departamentos de Atlántico, Boyacá, Caquetá, Casanare, Córdoba, Guainía, Guaviare, Norte de Santander, San Andrés y Providencia, Sucre y Vaupés no registran ningún ejemplar en la colección.</geographicDescription>
                  <boundingCoordinates>
                      <westBoundingCoordinate>-79.98</westBoundingCoordinate>
                      <eastBoundingCoordinate>-66.27</eastBoundingCoordinate>
                      <northBoundingCoordinate>13.582</northBoundingCoordinate>
                      <southBoundingCoordinate>-5.266</southBoundingCoordinate>
                  </boundingCoordinates>
            </geographicCoverage>
          <temporalCoverage>
            <rangeOfDates>
              <beginDate>
                <calendarDate>      1972-06-24
</calendarDate>
              </beginDate>
              <endDate>
                <calendarDate>      2019-05-14
</calendarDate>
              </endDate>
            </rangeOfDates>
          </temporalCoverage>
              <taxonomicCoverage>
                    <generalTaxonomicCoverage>Mammalia</generalTaxonomicCoverage>
                    <taxonomicClassification>
                          <taxonRankName>Class</taxonRankName>
                        <taxonRankValue>Mammalia</taxonRankValue>
                    </taxonomicClassification>
                    <taxonomicClassification>
                          <taxonRankName>Order</taxonRankName>
                        <taxonRankValue>Didelphimorphia</taxonRankValue>
                    </taxonomicClassification>
                    <taxonomicClassification>
                          <taxonRankName>Order</taxonRankName>
                        <taxonRankValue>Paucituberculata</taxonRankValue>
                    </taxonomicClassification>
                    <taxonomicClassification>
                          <taxonRankName>Order</taxonRankName>
                        <taxonRankValue>Cingulata</taxonRankValue>
                    </taxonomicClassification>
                    <taxonomicClassification>
                          <taxonRankName>Order</taxonRankName>
                        <taxonRankValue>Pilosa</taxonRankValue>
                    </taxonomicClassification>
                    <taxonomicClassification>
                          <taxonRankName>Order</taxonRankName>
                        <taxonRankValue>Eulipotyphla</taxonRankValue>
                    </taxonomicClassification>
                    <taxonomicClassification>
                          <taxonRankName>Order</taxonRankName>
                        <taxonRankValue>Chiroptera</taxonRankValue>
                    </taxonomicClassification>
                    <taxonomicClassification>
                          <taxonRankName>Order</taxonRankName>
                        <taxonRankValue>Carnivora</taxonRankValue>
                    </taxonomicClassification>
                    <taxonomicClassification>
                          <taxonRankName>Order</taxonRankName>
                        <taxonRankValue>Perissodactyla</taxonRankValue>
                    </taxonomicClassification>
                    <taxonomicClassification>
                          <taxonRankName>Order</taxonRankName>
                        <taxonRankValue>Artiodactyla</taxonRankValue>
                    </taxonomicClassification>
                    <taxonomicClassification>
                          <taxonRankName>Order</taxonRankName>
                        <taxonRankValue>Primates</taxonRankValue>
                    </taxonomicClassification>
                    <taxonomicClassification>
                          <taxonRankName>Order</taxonRankName>
                        <taxonRankValue>Rodentia</taxonRankValue>
                    </taxonomicClassification>
                    <taxonomicClassification>
                          <taxonRankName>Order</taxonRankName>
                        <taxonRankValue>Lagomorpha</taxonRankValue>
                    </taxonomicClassification>
                    <taxonomicClassification>
                          <taxonRankName>Family</taxonRankName>
                        <taxonRankValue>Aotidae</taxonRankValue>
                    </taxonomicClassification>
                    <taxonomicClassification>
                          <taxonRankName>Family</taxonRankName>
                        <taxonRankValue>Atelidae</taxonRankValue>
                    </taxonomicClassification>
                    <taxonomicClassification>
                          <taxonRankName>Family</taxonRankName>
                        <taxonRankValue>Bradypodidae</taxonRankValue>
                    </taxonomicClassification>
                    <taxonomicClassification>
                          <taxonRankName>Family</taxonRankName>
                        <taxonRankValue>Caenolestidae</taxonRankValue>
                    </taxonomicClassification>
                    <taxonomicClassification>
                          <taxonRankName>Family</taxonRankName>
                        <taxonRankValue>Callitrichidae</taxonRankValue>
                    </taxonomicClassification>
                    <taxonomicClassification>
                          <taxonRankName>Family</taxonRankName>
                        <taxonRankValue>Canidae</taxonRankValue>
                    </taxonomicClassification>
                    <taxonomicClassification>
                          <taxonRankName>Family</taxonRankName>
                        <taxonRankValue>Caviidae</taxonRankValue>
                    </taxonomicClassification>
                    <taxonomicClassification>
                          <taxonRankName>Family</taxonRankName>
                        <taxonRankValue>Cebidae</taxonRankValue>
                    </taxonomicClassification>
                    <taxonomicClassification>
                          <taxonRankName>Family</taxonRankName>
                        <taxonRankValue>Cercopithecidae</taxonRankValue>
                    </taxonomicClassification>
                    <taxonomicClassification>
                          <taxonRankName>Family</taxonRankName>
                        <taxonRankValue>Cervidae</taxonRankValue>
                    </taxonomicClassification>
                    <taxonomicClassification>
                          <taxonRankName>Family</taxonRankName>
                        <taxonRankValue>Chlamyphoridae</taxonRankValue>
                    </taxonomicClassification>
                    <taxonomicClassification>
                          <taxonRankName>Family</taxonRankName>
                        <taxonRankValue>Cricetidae</taxonRankValue>
                    </taxonomicClassification>
                    <taxonomicClassification>
                          <taxonRankName>Family</taxonRankName>
                        <taxonRankValue>Cuniculidae</taxonRankValue>
                    </taxonomicClassification>
                    <taxonomicClassification>
                          <taxonRankName>Family</taxonRankName>
                        <taxonRankValue>Dasypodidae</taxonRankValue>
                    </taxonomicClassification>
                    <taxonomicClassification>
                          <taxonRankName>Family</taxonRankName>
                        <taxonRankValue>Dasyproctidae</taxonRankValue>
                    </taxonomicClassification>
                    <taxonomicClassification>
                          <taxonRankName>Family</taxonRankName>
                        <taxonRankValue>Didelphidae</taxonRankValue>
                    </taxonomicClassification>
                    <taxonomicClassification>
                          <taxonRankName>Family</taxonRankName>
                        <taxonRankValue>Dinomyidae</taxonRankValue>
                    </taxonomicClassification>
                    <taxonomicClassification>
                          <taxonRankName>Family</taxonRankName>
                        <taxonRankValue>Echimyidae</taxonRankValue>
                    </taxonomicClassification>
                    <taxonomicClassification>
                          <taxonRankName>Family</taxonRankName>
                        <taxonRankValue>Emballonuridae</taxonRankValue>
                    </taxonomicClassification>
                    <taxonomicClassification>
                          <taxonRankName>Family</taxonRankName>
                        <taxonRankValue>Erethizontidae</taxonRankValue>
                    </taxonomicClassification>
                    <taxonomicClassification>
                          <taxonRankName>Family</taxonRankName>
                        <taxonRankValue>Felidae</taxonRankValue>
                    </taxonomicClassification>
                    <taxonomicClassification>
                          <taxonRankName>Family</taxonRankName>
                        <taxonRankValue>Heteromyidae</taxonRankValue>
                    </taxonomicClassification>
                    <taxonomicClassification>
                          <taxonRankName>Family</taxonRankName>
                        <taxonRankValue>Leporidae</taxonRankValue>
                    </taxonomicClassification>
                    <taxonomicClassification>
                          <taxonRankName>Family</taxonRankName>
                        <taxonRankValue>Megalonychidae</taxonRankValue>
                    </taxonomicClassification>
                    <taxonomicClassification>
                          <taxonRankName>Family</taxonRankName>
                        <taxonRankValue>Mephitidae</taxonRankValue>
                    </taxonomicClassification>
                    <taxonomicClassification>
                          <taxonRankName>Family</taxonRankName>
                        <taxonRankValue>Molossidae</taxonRankValue>
                    </taxonomicClassification>
                    <taxonomicClassification>
                          <taxonRankName>Family</taxonRankName>
                        <taxonRankValue>Mormoopidae</taxonRankValue>
                    </taxonomicClassification>
                    <taxonomicClassification>
                          <taxonRankName>Family</taxonRankName>
                        <taxonRankValue>Muridae</taxonRankValue>
                    </taxonomicClassification>
                    <taxonomicClassification>
                          <taxonRankName>Family</taxonRankName>
                        <taxonRankValue>Mustelidae</taxonRankValue>
                    </taxonomicClassification>
                    <taxonomicClassification>
                          <taxonRankName>Family</taxonRankName>
                        <taxonRankValue>Myrmecophagidae</taxonRankValue>
                    </taxonomicClassification>
                    <taxonomicClassification>
                          <taxonRankName>Family</taxonRankName>
                        <taxonRankValue>Noctilionidae</taxonRankValue>
                    </taxonomicClassification>
                    <taxonomicClassification>
                          <taxonRankName>Family</taxonRankName>
                        <taxonRankValue>Phyllostomidae</taxonRankValue>
                    </taxonomicClassification>
                    <taxonomicClassification>
                          <taxonRankName>Family</taxonRankName>
                        <taxonRankValue>Procyonidae</taxonRankValue>
                    </taxonomicClassification>
                    <taxonomicClassification>
                          <taxonRankName>Family</taxonRankName>
                        <taxonRankValue>Sciuridae</taxonRankValue>
                    </taxonomicClassification>
                    <taxonomicClassification>
                          <taxonRankName>Family</taxonRankName>
                        <taxonRankValue>Soricidae</taxonRankValue>
                    </taxonomicClassification>
                    <taxonomicClassification>
                          <taxonRankName>Family</taxonRankName>
                        <taxonRankValue>Suidae</taxonRankValue>
                    </taxonomicClassification>
                    <taxonomicClassification>
                          <taxonRankName>Family</taxonRankName>
                        <taxonRankValue>Tapiridae</taxonRankValue>
                    </taxonomicClassification>
                    <taxonomicClassification>
                          <taxonRankName>Family</taxonRankName>
                        <taxonRankValue>Tayassuidae</taxonRankValue>
                    </taxonomicClassification>
                    <taxonomicClassification>
                          <taxonRankName>Family</taxonRankName>
                        <taxonRankValue>Thyropteridae</taxonRankValue>
                    </taxonomicClassification>
                    <taxonomicClassification>
                          <taxonRankName>Family</taxonRankName>
                        <taxonRankValue>Ursidae</taxonRankValue>
                    </taxonomicClassification>
                    <taxonomicClassification>
                          <taxonRankName>Family</taxonRankName>
                        <taxonRankValue>Vespertilionidae</taxonRankValue>
                    </taxonomicClassification>
                    <taxonomicClassification>
                          <taxonRankName>Genus</taxonRankName>
                        <taxonRankValue>Akodon</taxonRankValue>
                    </taxonomicClassification>
                    <taxonomicClassification>
                          <taxonRankName>Genus</taxonRankName>
                        <taxonRankValue>Alouatta</taxonRankValue>
                    </taxonomicClassification>
                    <taxonomicClassification>
                          <taxonRankName>Genus</taxonRankName>
                        <taxonRankValue>Anoura</taxonRankValue>
                    </taxonomicClassification>
                    <taxonomicClassification>
                          <taxonRankName>Genus</taxonRankName>
                        <taxonRankValue>Aotus</taxonRankValue>
                    </taxonomicClassification>
                    <taxonomicClassification>
                          <taxonRankName>Genus</taxonRankName>
                        <taxonRankValue>Artibeus</taxonRankValue>
                    </taxonomicClassification>
                    <taxonomicClassification>
                          <taxonRankName>Genus</taxonRankName>
                        <taxonRankValue>Ateles</taxonRankValue>
                    </taxonomicClassification>
                    <taxonomicClassification>
                          <taxonRankName>Genus</taxonRankName>
                        <taxonRankValue>Bassaricyon</taxonRankValue>
                    </taxonomicClassification>
                    <taxonomicClassification>
                          <taxonRankName>Genus</taxonRankName>
                        <taxonRankValue>Bradypus</taxonRankValue>
                    </taxonomicClassification>
                    <taxonomicClassification>
                          <taxonRankName>Genus</taxonRankName>
                        <taxonRankValue>Cabassous</taxonRankValue>
                    </taxonomicClassification>
                    <taxonomicClassification>
                          <taxonRankName>Genus</taxonRankName>
                        <taxonRankValue>Caenolestes</taxonRankValue>
                    </taxonomicClassification>
                    <taxonomicClassification>
                          <taxonRankName>Genus</taxonRankName>
                        <taxonRankValue>Caluromys</taxonRankValue>
                    </taxonomicClassification>
                    <taxonomicClassification>
                          <taxonRankName>Genus</taxonRankName>
                        <taxonRankValue>Carollia</taxonRankValue>
                    </taxonomicClassification>
                    <taxonomicClassification>
                          <taxonRankName>Genus</taxonRankName>
                        <taxonRankValue>Cebuella</taxonRankValue>
                    </taxonomicClassification>
                    <taxonomicClassification>
                          <taxonRankName>Genus</taxonRankName>
                        <taxonRankValue>Cebus</taxonRankValue>
                    </taxonomicClassification>
                    <taxonomicClassification>
                          <taxonRankName>Genus</taxonRankName>
                        <taxonRankValue>Centronycteris</taxonRankValue>
                    </taxonomicClassification>
                    <taxonomicClassification>
                          <taxonRankName>Genus</taxonRankName>
                        <taxonRankValue>Cerdocyon</taxonRankValue>
                    </taxonomicClassification>
                    <taxonomicClassification>
                          <taxonRankName>Genus</taxonRankName>
                        <taxonRankValue>Chilomys</taxonRankValue>
                    </taxonomicClassification>
                    <taxonomicClassification>
                          <taxonRankName>Genus</taxonRankName>
                        <taxonRankValue>Chiroderma</taxonRankValue>
                    </taxonomicClassification>
                    <taxonomicClassification>
                          <taxonRankName>Genus</taxonRankName>
                        <taxonRankValue>Chironectes</taxonRankValue>
                    </taxonomicClassification>
                    <taxonomicClassification>
                          <taxonRankName>Genus</taxonRankName>
                        <taxonRankValue>Choeroniscus</taxonRankValue>
                    </taxonomicClassification>
                    <taxonomicClassification>
                          <taxonRankName>Genus</taxonRankName>
                        <taxonRankValue>Choloepus</taxonRankValue>
                    </taxonomicClassification>
                    <taxonomicClassification>
                          <taxonRankName>Genus</taxonRankName>
                        <taxonRankValue>Chrotopterus</taxonRankValue>
                    </taxonomicClassification>
                    <taxonomicClassification>
                          <taxonRankName>Genus</taxonRankName>
                        <taxonRankValue>Coendou</taxonRankValue>
                    </taxonomicClassification>
                    <taxonomicClassification>
                          <taxonRankName>Genus</taxonRankName>
                        <taxonRankValue>Conepatus</taxonRankValue>
                    </taxonomicClassification>
                    <taxonomicClassification>
                          <taxonRankName>Genus</taxonRankName>
                        <taxonRankValue>Cormura</taxonRankValue>
                    </taxonomicClassification>
                    <taxonomicClassification>
                          <taxonRankName>Genus</taxonRankName>
                        <taxonRankValue>Cryptotis</taxonRankValue>
                    </taxonomicClassification>
                    <taxonomicClassification>
                          <taxonRankName>Genus</taxonRankName>
                        <taxonRankValue>Cuniculus</taxonRankValue>
                    </taxonomicClassification>
                    <taxonomicClassification>
                          <taxonRankName>Genus</taxonRankName>
                        <taxonRankValue>Dasyprocta</taxonRankValue>
                    </taxonomicClassification>
                    <taxonomicClassification>
                          <taxonRankName>Genus</taxonRankName>
                        <taxonRankValue>Dasypus</taxonRankValue>
                    </taxonomicClassification>
                    <taxonomicClassification>
                          <taxonRankName>Genus</taxonRankName>
                        <taxonRankValue>Dermanura</taxonRankValue>
                    </taxonomicClassification>
                    <taxonomicClassification>
                          <taxonRankName>Genus</taxonRankName>
                        <taxonRankValue>Desmodus</taxonRankValue>
                    </taxonomicClassification>
                    <taxonomicClassification>
                          <taxonRankName>Genus</taxonRankName>
                        <taxonRankValue>Diclidurus</taxonRankValue>
                    </taxonomicClassification>
                    <taxonomicClassification>
                          <taxonRankName>Genus</taxonRankName>
                        <taxonRankValue>Didelphis</taxonRankValue>
                    </taxonomicClassification>
                    <taxonomicClassification>
                          <taxonRankName>Genus</taxonRankName>
                        <taxonRankValue>Dinomys</taxonRankValue>
                    </taxonomicClassification>
                    <taxonomicClassification>
                          <taxonRankName>Genus</taxonRankName>
                        <taxonRankValue>Eira</taxonRankValue>
                    </taxonomicClassification>
                    <taxonomicClassification>
                          <taxonRankName>Genus</taxonRankName>
                        <taxonRankValue>Enchisthenes</taxonRankValue>
                    </taxonomicClassification>
                    <taxonomicClassification>
                          <taxonRankName>Genus</taxonRankName>
                        <taxonRankValue>Eptesicus</taxonRankValue>
                    </taxonomicClassification>
                    <taxonomicClassification>
                          <taxonRankName>Genus</taxonRankName>
                        <taxonRankValue>Felis</taxonRankValue>
                    </taxonomicClassification>
                    <taxonomicClassification>
                          <taxonRankName>Genus</taxonRankName>
                        <taxonRankValue>Galictis</taxonRankValue>
                    </taxonomicClassification>
                    <taxonomicClassification>
                          <taxonRankName>Genus</taxonRankName>
                        <taxonRankValue>Gardnerycteris</taxonRankValue>
                    </taxonomicClassification>
                    <taxonomicClassification>
                          <taxonRankName>Genus</taxonRankName>
                        <taxonRankValue>Glossophaga</taxonRankValue>
                    </taxonomicClassification>
                    <taxonomicClassification>
                          <taxonRankName>Genus</taxonRankName>
                        <taxonRankValue>Handleyomys</taxonRankValue>
                    </taxonomicClassification>
                    <taxonomicClassification>
                          <taxonRankName>Genus</taxonRankName>
                        <taxonRankValue>Heteromys</taxonRankValue>
                    </taxonomicClassification>
                    <taxonomicClassification>
                          <taxonRankName>Genus</taxonRankName>
                        <taxonRankValue>Histiotus</taxonRankValue>
                    </taxonomicClassification>
                    <taxonomicClassification>
                          <taxonRankName>Genus</taxonRankName>
                        <taxonRankValue>Hydrochoerus</taxonRankValue>
                    </taxonomicClassification>
                    <taxonomicClassification>
                          <taxonRankName>Genus</taxonRankName>
                        <taxonRankValue>Ichthyomys</taxonRankValue>
                    </taxonomicClassification>
                    <taxonomicClassification>
                          <taxonRankName>Genus</taxonRankName>
                        <taxonRankValue>Lampronycteris</taxonRankValue>
                    </taxonomicClassification>
                    <taxonomicClassification>
                          <taxonRankName>Genus</taxonRankName>
                        <taxonRankValue>Lasiurus</taxonRankValue>
                    </taxonomicClassification>
                    <taxonomicClassification>
                          <taxonRankName>Genus</taxonRankName>
                        <taxonRankValue>Leopardus</taxonRankValue>
                    </taxonomicClassification>
                    <taxonomicClassification>
                          <taxonRankName>Genus</taxonRankName>
                        <taxonRankValue>Lichonycteris</taxonRankValue>
                    </taxonomicClassification>
                    <taxonomicClassification>
                          <taxonRankName>Genus</taxonRankName>
                        <taxonRankValue>Lonchophylla</taxonRankValue>
                    </taxonomicClassification>
                    <taxonomicClassification>
                          <taxonRankName>Genus</taxonRankName>
                        <taxonRankValue>Lonchorhina</taxonRankValue>
                    </taxonomicClassification>
                    <taxonomicClassification>
                          <taxonRankName>Genus</taxonRankName>
                        <taxonRankValue>Lontra</taxonRankValue>
                    </taxonomicClassification>
                    <taxonomicClassification>
                          <taxonRankName>Genus</taxonRankName>
                        <taxonRankValue>Lophostoma</taxonRankValue>
                    </taxonomicClassification>
                    <taxonomicClassification>
                          <taxonRankName>Genus</taxonRankName>
                        <taxonRankValue>Marmosa</taxonRankValue>
                    </taxonomicClassification>
                    <taxonomicClassification>
                          <taxonRankName>Genus</taxonRankName>
                        <taxonRankValue>Marmosops</taxonRankValue>
                    </taxonomicClassification>
                    <taxonomicClassification>
                          <taxonRankName>Genus</taxonRankName>
                        <taxonRankValue>Macaca</taxonRankValue>
                    </taxonomicClassification>
                    <taxonomicClassification>
                          <taxonRankName>Genus</taxonRankName>
                        <taxonRankValue>Mazama</taxonRankValue>
                    </taxonomicClassification>
                    <taxonomicClassification>
                          <taxonRankName>Genus</taxonRankName>
                        <taxonRankValue>Melanomys</taxonRankValue>
                    </taxonomicClassification>
                    <taxonomicClassification>
                          <taxonRankName>Genus</taxonRankName>
                        <taxonRankValue>Mesocricetus</taxonRankValue>
                    </taxonomicClassification>
                    <taxonomicClassification>
                          <taxonRankName>Genus</taxonRankName>
                        <taxonRankValue>Mesophylla</taxonRankValue>
                    </taxonomicClassification>
                    <taxonomicClassification>
                          <taxonRankName>Genus</taxonRankName>
                        <taxonRankValue>Metachirus</taxonRankValue>
                    </taxonomicClassification>
                    <taxonomicClassification>
                          <taxonRankName>Genus</taxonRankName>
                        <taxonRankValue>Micronycteris</taxonRankValue>
                    </taxonomicClassification>
                    <taxonomicClassification>
                          <taxonRankName>Genus</taxonRankName>
                        <taxonRankValue>Microryzomys</taxonRankValue>
                    </taxonomicClassification>
                    <taxonomicClassification>
                          <taxonRankName>Genus</taxonRankName>
                        <taxonRankValue>Molossus</taxonRankValue>
                    </taxonomicClassification>
                    <taxonomicClassification>
                          <taxonRankName>Genus</taxonRankName>
                        <taxonRankValue>Monodelphis</taxonRankValue>
                    </taxonomicClassification>
                    <taxonomicClassification>
                          <taxonRankName>Genus</taxonRankName>
                        <taxonRankValue>Mus</taxonRankValue>
                    </taxonomicClassification>
                    <taxonomicClassification>
                          <taxonRankName>Genus</taxonRankName>
                        <taxonRankValue>Mustela</taxonRankValue>
                    </taxonomicClassification>
                    <taxonomicClassification>
                          <taxonRankName>Genus</taxonRankName>
                        <taxonRankValue>Myotis</taxonRankValue>
                    </taxonomicClassification>
                    <taxonomicClassification>
                          <taxonRankName>Genus</taxonRankName>
                        <taxonRankValue>Nasua</taxonRankValue>
                    </taxonomicClassification>
                    <taxonomicClassification>
                          <taxonRankName>Genus</taxonRankName>
                        <taxonRankValue>Nasuella</taxonRankValue>
                    </taxonomicClassification>
                    <taxonomicClassification>
                          <taxonRankName>Genus</taxonRankName>
                        <taxonRankValue>Neacomys</taxonRankValue>
                    </taxonomicClassification>
                    <taxonomicClassification>
                          <taxonRankName>Genus</taxonRankName>
                        <taxonRankValue>Nectomys</taxonRankValue>
                    </taxonomicClassification>
                    <taxonomicClassification>
                          <taxonRankName>Genus</taxonRankName>
                        <taxonRankValue>Nephelomys</taxonRankValue>
                    </taxonomicClassification>
                    <taxonomicClassification>
                          <taxonRankName>Genus</taxonRankName>
                        <taxonRankValue>Neusticomys</taxonRankValue>
                    </taxonomicClassification>
                    <taxonomicClassification>
                          <taxonRankName>Genus</taxonRankName>
                        <taxonRankValue>Noctilio</taxonRankValue>
                    </taxonomicClassification>
                    <taxonomicClassification>
                          <taxonRankName>Genus</taxonRankName>
                        <taxonRankValue>Notosciurus</taxonRankValue>
                    </taxonomicClassification>
                    <taxonomicClassification>
                          <taxonRankName>Genus</taxonRankName>
                        <taxonRankValue>Nyctinomops</taxonRankValue>
                    </taxonomicClassification>
                    <taxonomicClassification>
                          <taxonRankName>Genus</taxonRankName>
                        <taxonRankValue>Odocoileus</taxonRankValue>
                    </taxonomicClassification>
                    <taxonomicClassification>
                          <taxonRankName>Genus</taxonRankName>
                        <taxonRankValue>Oecomys</taxonRankValue>
                    </taxonomicClassification>
                    <taxonomicClassification>
                          <taxonRankName>Genus</taxonRankName>
                        <taxonRankValue>Oligoryzomys</taxonRankValue>
                    </taxonomicClassification>
                    <taxonomicClassification>
                          <taxonRankName>Genus</taxonRankName>
                        <taxonRankValue>Pecari</taxonRankValue>
                    </taxonomicClassification>
                    <taxonomicClassification>
                          <taxonRankName>Genus</taxonRankName>
                        <taxonRankValue>Peropteryx</taxonRankValue>
                    </taxonomicClassification>
                    <taxonomicClassification>
                          <taxonRankName>Genus</taxonRankName>
                        <taxonRankValue>Philander</taxonRankValue>
                    </taxonomicClassification>
                    <taxonomicClassification>
                          <taxonRankName>Genus</taxonRankName>
                        <taxonRankValue>Phylloderma</taxonRankValue>
                    </taxonomicClassification>
                    <taxonomicClassification>
                          <taxonRankName>Genus</taxonRankName>
                        <taxonRankValue>Phyllostomus</taxonRankValue>
                    </taxonomicClassification>
                    <taxonomicClassification>
                          <taxonRankName>Genus</taxonRankName>
                        <taxonRankValue>Platyrrhinus</taxonRankValue>
                    </taxonomicClassification>
                    <taxonomicClassification>
                          <taxonRankName>Genus</taxonRankName>
                        <taxonRankValue>Potos</taxonRankValue>
                    </taxonomicClassification>
                    <taxonomicClassification>
                          <taxonRankName>Genus</taxonRankName>
                        <taxonRankValue>Procyon</taxonRankValue>
                    </taxonomicClassification>
                    <taxonomicClassification>
                          <taxonRankName>Genus</taxonRankName>
                        <taxonRankValue>Proechimys</taxonRankValue>
                    </taxonomicClassification>
                    <taxonomicClassification>
                          <taxonRankName>Genus</taxonRankName>
                        <taxonRankValue>Pteronotus</taxonRankValue>
                    </taxonomicClassification>
                    <taxonomicClassification>
                          <taxonRankName>Genus</taxonRankName>
                        <taxonRankValue>Pudu</taxonRankValue>
                    </taxonomicClassification>
                    <taxonomicClassification>
                          <taxonRankName>Genus</taxonRankName>
                        <taxonRankValue>Puma</taxonRankValue>
                    </taxonomicClassification>
                    <taxonomicClassification>
                          <taxonRankName>Genus</taxonRankName>
                        <taxonRankValue>Rattus</taxonRankValue>
                    </taxonomicClassification>
                    <taxonomicClassification>
                          <taxonRankName>Genus</taxonRankName>
                        <taxonRankValue>Reithrodontomys</taxonRankValue>
                    </taxonomicClassification>
                    <taxonomicClassification>
                          <taxonRankName>Genus</taxonRankName>
                        <taxonRankValue>Rhinophylla</taxonRankValue>
                    </taxonomicClassification>
                    <taxonomicClassification>
                          <taxonRankName>Genus</taxonRankName>
                        <taxonRankValue>Rhipidomys</taxonRankValue>
                    </taxonomicClassification>
                    <taxonomicClassification>
                          <taxonRankName>Genus</taxonRankName>
                        <taxonRankValue>Rhogeessa</taxonRankValue>
                    </taxonomicClassification>
                    <taxonomicClassification>
                          <taxonRankName>Genus</taxonRankName>
                        <taxonRankValue>Rhynchonycteris</taxonRankValue>
                    </taxonomicClassification>
                    <taxonomicClassification>
                          <taxonRankName>Genus</taxonRankName>
                        <taxonRankValue>Saccopteryx</taxonRankValue>
                    </taxonomicClassification>
                    <taxonomicClassification>
                          <taxonRankName>Genus</taxonRankName>
                        <taxonRankValue>Saguinus</taxonRankValue>
                    </taxonomicClassification>
                    <taxonomicClassification>
                          <taxonRankName>Genus</taxonRankName>
                        <taxonRankValue>Saimiri</taxonRankValue>
                    </taxonomicClassification>
                    <taxonomicClassification>
                          <taxonRankName>Genus</taxonRankName>
                        <taxonRankValue>Sapajus</taxonRankValue>
                    </taxonomicClassification>
                    <taxonomicClassification>
                          <taxonRankName>Genus</taxonRankName>
                        <taxonRankValue>Sigmodon</taxonRankValue>
                    </taxonomicClassification>
                    <taxonomicClassification>
                          <taxonRankName>Genus</taxonRankName>
                        <taxonRankValue>Sigmodontomys</taxonRankValue>
                    </taxonomicClassification>
                    <taxonomicClassification>
                          <taxonRankName>Genus</taxonRankName>
                        <taxonRankValue>Sturnira</taxonRankValue>
                    </taxonomicClassification>
                    <taxonomicClassification>
                          <taxonRankName>Genus</taxonRankName>
                        <taxonRankValue>Sus</taxonRankValue>
                    </taxonomicClassification>
                    <taxonomicClassification>
                          <taxonRankName>Genus</taxonRankName>
                        <taxonRankValue>Sylvilagus</taxonRankValue>
                    </taxonomicClassification>
                    <taxonomicClassification>
                          <taxonRankName>Genus</taxonRankName>
                        <taxonRankValue>Tadarida</taxonRankValue>
                    </taxonomicClassification>
                    <taxonomicClassification>
                          <taxonRankName>Genus</taxonRankName>
                        <taxonRankValue>Tamandua</taxonRankValue>
                    </taxonomicClassification>
                    <taxonomicClassification>
                          <taxonRankName>Genus</taxonRankName>
                        <taxonRankValue>Tapirus</taxonRankValue>
                    </taxonomicClassification>
                    <taxonomicClassification>
                          <taxonRankName>Genus</taxonRankName>
                        <taxonRankValue>Thomasomys</taxonRankValue>
                    </taxonomicClassification>
                    <taxonomicClassification>
                          <taxonRankName>Genus</taxonRankName>
                        <taxonRankValue>Thyroptera</taxonRankValue>
                    </taxonomicClassification>
                    <taxonomicClassification>
                          <taxonRankName>Genus</taxonRankName>
                        <taxonRankValue>Tonatia</taxonRankValue>
                    </taxonomicClassification>
                    <taxonomicClassification>
                          <taxonRankName>Genus</taxonRankName>
                        <taxonRankValue>Trachops</taxonRankValue>
                    </taxonomicClassification>
                    <taxonomicClassification>
                          <taxonRankName>Genus</taxonRankName>
                        <taxonRankValue>Tremarctos</taxonRankValue>
                    </taxonomicClassification>
                    <taxonomicClassification>
                          <taxonRankName>Genus</taxonRankName>
                        <taxonRankValue>Trinycteris</taxonRankValue>
                    </taxonomicClassification>
                    <taxonomicClassification>
                          <taxonRankName>Genus</taxonRankName>
                        <taxonRankValue>Tylomys</taxonRankValue>
                    </taxonomicClassification>
                    <taxonomicClassification>
                          <taxonRankName>Genus</taxonRankName>
                        <taxonRankValue>Uroderma</taxonRankValue>
                    </taxonomicClassification>
                    <taxonomicClassification>
                          <taxonRankName>Genus</taxonRankName>
                        <taxonRankValue>Vampyressa</taxonRankValue>
                    </taxonomicClassification>
                    <taxonomicClassification>
                          <taxonRankName>Genus</taxonRankName>
                        <taxonRankValue>Vampyrum</taxonRankValue>
                    </taxonomicClassification>
                    <taxonomicClassification>
                          <taxonRankName>Genus</taxonRankName>
                        <taxonRankValue>Zygodontomys</taxonRankValue>
                    </taxonomicClassification>
              </taxonomicCoverage>
      </coverage>
      <purpose>
          <para>Presentar la información asociada a los mamíferos almacenados en la colección de Mamíferos del Centro de Museos, Museo de Historia Natural, Universidad de Caldas</para>
      </purpose>
      <maintenance>
          <description>
              <para>Revisión constante de ejemplares</para>
          </description>
          <maintenanceUpdateFrequency>asNeeded</maintenanceUpdateFrequency>
      </maintenance>
      <contact>
    <individualName>
<givenName>Héctor E.</givenName>          <surName>Ramírez-Chaves</surName>
    </individualName>
<organizationName>Universidad de Caldas</organizationName><positionName>Docente</positionName>    <address>
<deliveryPoint>Calle 65 # 26-10</deliveryPoint><city>Manizales</city><administrativeArea>Caldas</administrativeArea><country>COLOMBIA</country>    </address>
<electronicMailAddress>hector.ramirez@ucaldas.edu.co</electronicMailAddress>      <userId directory="https://orcid.org/">0000-0002-2454-9482</userId>
      </contact>
      <methods>
            <methodStep>
                <description>
                    <para>Se presenta la información de 2114 registros depositados en la Colección de Mamíferos del Museo de Historia Natural de la Universidad de Caldas, que a la fecha se constituye en la más completa del Eje Cafetero. Para ello, se revisó la identidad de los ejemplares mediante claves taxonómicas y se exploró la literatura en los que pudieron ser citados (https://scholar.google.com/citations?hl=es&amp;user=_q9scQgAAAAJ&amp;view_op=list_works&amp;sortby=pubdate). La mayoría de los registros (n=1371) proceden del departamento de Caldas, sin embargo, se cuenta con registros para 20 departamentos más. Los órdenes más representativos son Chiroptera (n=1321) y Rodentia (n=434).</para>
                </description>
            </methodStep>
            <sampling>
                <studyExtent>
                    <description>
                        <para>Colombia</para>
                    </description>
                </studyExtent>
                <samplingDescription>
                    <para>Información obtenida a partir de salidas de campo de varios investigadores: Redes de niebla, trampas Sherman, capturas manuales, etc</para>
                </samplingDescription>
            </sampling>
            <qualityControl>
                <description>
                    <para>Para confirmar los nombres científicos se utilizó la base de datos de Catalog of Life (http://www.catalogueoflife.org/) e información de listas recientes de mamíferos de Colombia. Los departamentos colombianos fueron codificados teniendo en cuenta la clasificación del DANE (http://190.25.231.237/dvpbuscar/dvpbuscar.html) y los países el estándar ISO 3166-2. La precisión y exactitud de las coordenadas geográficas fueron verificadas utilizando la herramienta GPS Visualizer (http://www.gpsvisualizer.com/)</para>
                </description>
            </qualityControl>
      </methods>

      <project id="Universidad de Caldas">
          <title>Museo de Historia Natural, Colección de Vertebrados e Invertebrados -Colección de Mamíferos</title>
          <personnel>
    <individualName>
<givenName>Héctor E.</givenName>          <surName>Ramírez-Chaves</surName>
    </individualName>
    <role>AUTHOR</role>
          </personnel>
          <abstract>
              <para>Se revisaron los registros y ejemplares depositados en la colección de Mamíferos del Museo de Historia Natural de la Universidad de Caldas (MHN-UCa) hasta marzo de 2019. Se extrajo información de 26 artículos científicos en los cuales se citan ejemplares depositados en la colección de Mamíferos del MHN-UCa. Se confirma la presencia de 201 especies (y 4 por corroborar) depositadas en la colección pertenecientes a 12 órdenes, 41 familias y 124 géneros.</para>
          </abstract>
          <funding>
              <para>Centro de Museos, Museo de Historia Natural, Universidad de Caldas.</para>
          </funding>
            <studyAreaDescription>
                <descriptor name="generic" citableClassificationSystem="false">
                    <descriptorValue>Los registros de mamíferos del conjunto de datos corresponden a 102 municipios de Colombia, ubicados en 21 departamentos. La región Andina es la mejor representada, mientras que, para las otras regiones naturales de Colombia, sólo la Caribe y Pacífica superan los 60 registros. Los registros provienen de un intervalo altitudinal comprendido entre los 0 y los 3900 m.</descriptorValue>
                </descriptor>
            </studyAreaDescription>
            <designDescription>
                <description>
                    <para>El tratamiento taxonómico sigue las propuestas empleadas para los mamíferos de Colombia (Ramírez-Chaves et al. 2018) Para las especies domesticadas (5) se sigue la taxonomía propuesta por Gentry et al. (2004) y Ramírez-Chaves et al. (2011). La revisión de las determinaciones taxonómicas siguió las propuestas de Gardner (2008) para Didelphimorphia, Paucituberculata, Eulipotyphla, Cingulata, Pilosa y Chiroptera, de Patton et al. (2015) para Rodentia y de Suárez-Castro y Ramírez-Chaves (2015) para Carnivora.</para>
                </description>
            </designDescription>
      </project>
</dataset>

<additionalMetadata>
    <metadata>
      <gbif>
        <dateStamp>2020-01-16T16:59:21Z</dateStamp>
      <citation identifier="https://doi.org/10.15472/mnevig">Ramírez-Chaves H E, Mejía Fontecha I Y, Velasquez D, Castaño D, Ocampo D (2019). Museo de Historia Natural, Colección de Vertebrados e Invertebrados - Colección de Mamíferos. Version 2.2. Universidad de Caldas. Occurrence dataset https://doi.org/10.15472/mnevig accessed via GBIF.org on 2020-01-16.</citation>
              <bibliography>
      <citation>Cardona, D. M., J. H. Castaño y J. E. Botero. 2016. Distribución anidada de murciélagos en fragmentos de bosque premontano de la cuenca media del río Cauca, Colombia. Mastozoología Neotropical 23: 371-387.
Castaño, J. H. y J. D. Corrales. 2004. Primer registro de Centronycteris centralis (Chiroptera: Emballonuridae) en los Andes colombianos. Mastozoología Neotropical 14: 69-72.
Castaño, J. H. y J. D. Corrales. 2010. Mamíferos de la cuenca del río La Miel (Caldas): diversidad y uso cultural. Boletín Científico, Centro de Museos, Museo de Historia Natural 14: 56-75.
Castaño, J. H., Y. Muñoz-Saba, J. E. Botero y J. H. Vélez. 2003a. Mamíferos del Departamento de Caldas – Colombia. Biota Colombiana 4: 247-259.
Castaño, J. H., J. D. Corrales y S. Velásquez. 2003b. Estructura y composición de la comunidad de murciélagos de un fragmento de bosque andino en la ciudad de Manizales, Caldas. Boletín Científico, Centro de Museos, Museo de Historia Natural 7: 113-120.
Castaño, J. H., J. E. Botero, S. Velásquez y J. D. Corrales. 2004a. Murciélagos en agroecosistemas cafeteros de Colombia. Chiroptera Neotropical 10: 196-199.
Castaño, J. H., O. A. Orrego Santa, D. M. Cardona Ramírez. 2004b. Primer registro para Caldas del Murciélago de Ventosas de Vientre Blanco (Thyroptera tricolor Spix, 1823). Boletín Científico, Centro de Museos, Museo de Historia Natural 8: 260-266.
Castaño, J. H., D. A. Torres, V. Rojas-Díaz, C. A. Saavedra-Rodríguez y J. Pérez-Torres. 2017. Mamíferos del departamento de Risaralda, Colombia. Biota Colombiana 18: 239-254. 
Castaño Salazar, J. H. 2012. Mamíferos de Caldas: Un análisis de vacíos de información. Boletín Científico, Centro de Museos, Museo de Historia Natural 16: 101-119.
Castaño Ramírez, N. D. y H. E. Ramírez-Chaves. 2018. Sistematización y estimación del índice de salud de la Colección de Mamíferos (Mammalia) del Museo de Historia Natural de la Universidad de Caldas, Colombia. Boletín Científico, Centro de Museos, Museo de Historia Natural 22: 90-103.
Díaz-Nieto. J. y R. S. Voss. 2016. A revision of the didelphid marsupial genus Marmosops, part 1. Species of the subgenus Sciophanes. Bulletin of the American Museum of Natural History 402: 1-70.
Escobar-Lasso, S. y C. F. Guzmán-Hernández. 2014. El registro de mayor altitud del Hurón Mayor Galictis vittata, con notas sobre su presencia y conservación dentro del departamento de Caldas, en la región andina de Colombia. Therya 5: 567-574.
Escobar-Lasso, S., J. Cerón-Cardona y J. H. Castaño-Salazar. 2013. Los mamíferos de la cuenca del río Chinchiná, en la región andina de Colombia. Therya 4: 139-155.
Escobar-Lasso, S. y M. Gil-Fernández. 2014. The highest elevation record of Mustela frenata (Carnivora: Mustelidae)	and distribution in Caldas department, Andean region of Colombia. Mammalogy Notes 1: 7-9.
Escobar-Lasso, S., J. Cerón-Cardona, J. H. Castaño-Salazar, L. Mendieta-Giraldo y O. Ospina-Herrera. 2014. Los felinos silvestres del departamento de Caldas, en la región andina de Colombia: composición, distribución y conservación. Therya 5: 575-588.
García Restrepo, S., S. O. Montilla, V. Bustamante Manrique, S. Bustamante Manrique, C. Cepeda-Duque, J. D. Sánchez Londoño y H. E. Ramírez-Chaves. 2018. Estado de la investigación primatológica en el Eje Cafetero y Antioquia, Colombia. Neotropical Primates 24: 56-63.
Gardner, A.L. (editor). 2008. Mammals of South America. Vol. 1: Marsupials, xenarthrans, shrews, and bats. Chicago: University of Chicago Press. (fechado 2007, impreso 2008).
Gentry, A., J. Clutton-Brock, C. P. Groves. 2004. The naming of wild animal species and their domestic derivatives. Journal of Archaeological Science 31: 645-651
Gómez-B., K. A., I. Y. Mejía Fontecha y H. E. Ramírez-Chaves. 2017. Mamíferos: Colección Universidad de Caldas. Disponible en: https://www.gbif.org/dataset/1a58ec89-e5d4-4b2b-9ed3-1c8b5f70f4fc
Mantilla-Meluk, H., A. Cadena G. y A. M. Jiménez-Ortega. 2014. Historia de la mastozoología en Colombia: Pasado, presente y perspectivas. Pp. 153-174. En: Ortega, J., J. L. Martínez y D. G. Tirira (Eds.). Historia de la mastozoología en Latinoamérica, las Guayanas y el Caribe. Editorial Murciélago Balnco y Asociación Ecuatoriana de Mastozoología, Quito y México, D.F.
Marín, D., H. E. Ramírez-Chaves y A. F. Suárez-Castro. 2012. Revisión cráneo-dentaria de Procyon (Carnivora: Procyonidae) en Colombia y Ecuador, con notas sobre su taxonomía y distribución. Mastozoologia Neotropical 19: 259-270.
Marín-C, D., J. D. Corrales-E y J. D. Valencia. 2018. Nuevos registros de la rata cangrejera Ichthyomys hydrobates (Winge, 1891) (Rodentia: Cricetidae) en Colombia. Mastozoologia Neotropical 25: 235-243.
Montilla, S. O., J. C. Cepeda-Duque y S. Bustamante-Manrique. 2018. Distribución del mono nocturno andino Aotus lemurinus en el departamento del Quindío, Colombia. Mammalogy Notes 4: 6-10.
Ossa L., P. A., J. M. Giraldo M., G. A. López G., L. G. Dias y F. A. Rivera P. 2012. Colecciones biológicas: una alternativa para los estudios de diversidad genética. Boletín Científico, Centro de Museos, Museo de Historia Natural 16: 143-155.
Patterson, B. D. 2002. On the continuing need for scientific collecting of mammals. Mastozoologia Neotropical 9: 253-262.
Patton, J. L., U. F. J. Pardiñas, G. DʼElía, G. (Eds.). 2015. Mammals of South America. Volume 2. Rodents. The University of Chicago Press. Chicago.
Ramírez-Chaves, H. E., M. C. Calderón-Capote y A. F. Suárez-Castro, A. F. 2018. The genus Dasyprocta Illiger, 1811 (Mammalia: Rodentia) in Colombia. Mastozoología Neotropical 25:139-149.
Ramírez-Chaves, H. E., M. Ortega-Rincón, W. A, Pérez, D. Marín. 2011. Historia de las especies de mamíferos exóticos en Colombia. Boletín Científico, Centro de Museos, Museo de Historia Natural, Universidad de Caldas 15: 139-156.
Ramírez-Chaves, H. E., K. P. Mulder, D. Marín, W. A. Pérez, V. M. Martínez-Arias. 2012. Has Colombian Weasel Mustela felipei been overlooked in collections? Small Carnivore Conservation 47: 30-34.
Ramírez-Chaves, H. E., A. F. Suárez Castro, Sociedad Colombiana de Mastozoología, D. Zurc, D. C. Concha Osbahr, A. Trujillo, E. A. Noguera Urbano, G. E. Pantoja Peña, M. E. Rodríguez Posada, J. F. González Maya, J. Pérez Torres, H. Mantilla Meluk, C López Castañeda, A. Velásquez Valencia, D. Zárrate Charry D. 2018. Mamíferos de Colombia. Version 1.5. Sociedad Colombiana de Mastozoología. Checklist dataset https://doi.org/10.15472/kl1whs accessed via GBIF.org on 2019-03-29.
Roncancio-D., N. y J. Estévez-V. 2007. Evaluación del ensamblaje de murciélagos en áreas sometidas a regeneración natural y a restauración por medio de plantaciones de aliso. Boletín Científico, Centro de Museos, Museo de Historia Natural 11: 131-143.
Roncancio, N. y H. E. Ramírez-Chaves. 2008. Registro de leucismo en Sturnira erythromos en los Andes centrales de Colombia. Chiroptera Neotropical 14: 412-414. 
Sánchez, F. 2000. Inventario de mamíferos en un bosque andino del departamento de Caldas, Colombia. Boletín Científico, Centro de Museos, Museo de Historia Natural 4: 17-25. 
Sánchez, F. y M. Alvear. 2003. Comentarios sobre el uso de hábitat, dieta, y conocimiento popular de los mamíferos en un bosque andino de Caldas, Colombia. Boletín Científico, Centro de Museos, Museo de Historia Natural 7: 122-144. 
Sánchez, F., P. Sánchez-Palomino y A. Cadena. 2003. Inventario de mamíferos en un bosque de los Andes Centrales de Colombia. Caldasia 26: 291-309.
Simmons, J. E. y Muñoz-Saba, Y. 2005. Cuidado, manejo y conservación de las colecciones biológicas. Bogotá: Universidad Nacional de Colombia.
Solari, S., Y. Muñoz-Saba, J. V. Rodríguez-Mahecha, T. R. Defler, H. E. Ramírez-Chaves y F. Trujillo. 2013. Riqueza, Endemismo y conservación de los mamíferos de Colombia. Mastozoología Neotropical 20: 301-365.
Suárez-Castro, A. F., H. E. Ramírez-Chaves (eds.). 2015. Los carnívoros terrestres y semiacuáticos continentales de Colombia. Guía de Campo. Bogotá: Editorial Universidad Nacional de Colombia, 220 pp.</citation>
              </bibliography>
              <resourceLogoUrl>https://s3.amazonaws.com/sib-resources/images/logos-socios/portal-sib/logo-ucaldas.png</resourceLogoUrl>
              <collection>
                <parentCollectionIdentifier>Colección de Vertebrados e Invertebrados</parentCollectionIdentifier>
                <collectionIdentifier>Registro Nacional de Colecciones: 86</collectionIdentifier>
                <collectionName>Colección de Mamíferos, Museo de Historia Natural de la Universidad de Caldas</collectionName>
              </collection>
                <specimenPreservationMethod>FORMALIN</specimenPreservationMethod>
        </gbif>
    </metadata>
</additionalMetadata>

</eml:eml>
