<?xml version="1.0" encoding="utf-8"?>
<eml:eml xmlns:eml="eml://ecoinformatics.org/eml-2.1.1" xmlns:xsi="http://www.w3.org/2001/XMLSchema-instance"
         xsi:schemaLocation="eml://ecoinformatics.org/eml-2.1.1 http://rs.gbif.org/schema/eml-gbif-profile/1.1/eml.xsd"
        packageId="3d88255b-67ae-4f82-899b-06186eab2995"  system="http://gbif.org" scope="system"
  xml:lang="es">

<dataset>
      <alternateIdentifier>10.15472/lrjbmd</alternateIdentifier>
        <alternateIdentifier>https://ipt.biodiversidad.co/sib/resource?r=icn-mamiferos</alternateIdentifier>
        <alternateIdentifier>3d88255b-67ae-4f82-899b-06186eab2995</alternateIdentifier>
        <alternateIdentifier>http://ipt.biodiversidad.co/sib/resource?r=icn-mamiferos</alternateIdentifier>
    <title>Colección de Mamíferos del Instituto de Ciencias Naturales (ICN-MHN-Ma)</title>
    <creator>
    <individualName>
<givenName>Hugo</givenName>          <surName>López</surName>
    </individualName>
<organizationName>Instituto de Ciencias Naturales - Universidad Nacional de Colombia</organizationName><positionName>Profesor</positionName>    <address>
<deliveryPoint>Cra 30 # 45 - 03. Edif 425 of 110</deliveryPoint><city>Bogotá</city><administrativeArea>Bogotá, D. C.</administrativeArea><postalCode>111321</postalCode><country>COLOMBIA</country>    </address>
<phone>+571316500011525</phone><electronicMailAddress>hflopeza@unal.edu.co</electronicMailAddress><onlineUrl>http://ciencias.bogota.unal.edu.co/icn/talento-humano/personal-docente-de-planta/</onlineUrl>    </creator>
    <creator>
    <individualName>
<givenName>Lauren</givenName>          <surName>Raz</surName>
    </individualName>
<organizationName>Instituto de Ciencias Naturales - Universidad Nacional de Colombia</organizationName><positionName>Profesora/ Directora Programa Informatic de la Biodiversidad</positionName>    <address>
<deliveryPoint>Cra 30 # 45 - 03. Edif 425 of 106</deliveryPoint><city>Bogotá</city><administrativeArea>Bogotá, D. C.</administrativeArea><postalCode>111321</postalCode><country>COLOMBIA</country>    </address>
<phone>+571316500011508</phone><electronicMailAddress>lraz@unal.edu.co</electronicMailAddress><onlineUrl>http://ciencias.bogota.unal.edu.co/icn/talento-humano/personal-docente-de-planta/</onlineUrl>    </creator>
    <creator>
    <individualName>
<givenName>Henry</givenName>          <surName>Agudelo</surName>
    </individualName>
<organizationName>Instituto de Ciencias Naturales - Universidad Nacional de Colombia</organizationName><positionName>Coordinador de proyectos</positionName>    <address>
<deliveryPoint>Cra 30 # 45 - 03. Edif 425 of 213</deliveryPoint><city>Bogotá</city><administrativeArea>Bogotá, D. C.</administrativeArea><postalCode>111321</postalCode><country>COLOMBIA</country>    </address>
<phone>+571316500011513</phone><electronicMailAddress>hdagudeloz@unal.edu.co</electronicMailAddress><onlineUrl>http://ciencias.bogota.unal.edu.co/icn/informatica-de-la-biodiversidad/equipo-de-trabajo/</onlineUrl>    </creator>
    <metadataProvider>
    <individualName>
<givenName>Hugo</givenName>          <surName>López</surName>
    </individualName>
<organizationName>Instituto de Ciencias Naturales - Universidad Nacional de Colombia</organizationName><positionName>Profesor</positionName>    <address>
<deliveryPoint>Cra 30 # 45 - 03. Edif 425 of 110</deliveryPoint><city>Bogotá</city><administrativeArea>Bogotá, D. C.</administrativeArea><postalCode>111321</postalCode><country>COLOMBIA</country>    </address>
<phone>+571316500011525</phone><electronicMailAddress>hflopeza@unal.edu.co</electronicMailAddress><onlineUrl>http://ciencias.bogota.unal.edu.co/icn/talento-humano/personal-docente-de-planta/</onlineUrl>    </metadataProvider>
    <associatedParty>
    <individualName>
<givenName>Henry</givenName>          <surName>Agudelo</surName>
    </individualName>
<organizationName>Instituto de Ciencias Naturales - Universidad Nacional de Colombia</organizationName><positionName>Coordinador de proyectos Informatica de la Biodiversidad</positionName>    <address>
<city>Bogotá D. C</city><administrativeArea>Bogotá D. C</administrativeArea><country>COLOMBIA</country>    </address>
<phone>+57316500011513</phone><electronicMailAddress>hdagudeloz@unal.edu.co</electronicMailAddress><onlineUrl>http://ciencias.bogota.unal.edu.co/icn/informatica-de-la-biodiversidad/equipo-de-trabajo/</onlineUrl>    <role>PUBLISHER</role>
    </associatedParty>
      <pubDate>
      2019-04-15
      </pubDate>
    <language>SPANISH</language>
    <abstract>
        <para>El Laboratorio de Mamíferos del Instituto de Ciencias Naturales de la Universidad Nacional de Colombia fue creado en el año de 1959 con especimenes colectados en la década de los cuarenta en varias localidades del país por Philip Hershkovitz y Jorge Hernández-Camacho, quien fue encargado de la colección hasta finales de la década de los 60´s.

Posteriormente en los años 50 las principales colecciones fueron realizadas por Jorge Hernández-Camacho con contribuciones de: Jesús Idrobo, Federico Medem, el Padre Antonio Olivares, Isidoro Cabrera, Carlos Velásquez, Ernesto Barriga-Bonilla, José Ignacio Borrero-H. y Leopoldo Richter, entre otros. Para la década de los años 60 continuaron las contribuciones de Hernández-Camacho y Borrero, el Padre Bernal, Carlos Arturo León-M., Hernán Torres Romero, Herve Le Nestour, B. Mechler, Jim Tamsitt y Carlos Alberto Velásquez, siendo el principal contribuyente Barriga-Bonilla. Ya hacia los años 70 las colectas fueron realizadas por Alberto Cadena y Cecilia Ramírez, cuando ingresan como encargados del Laboratorio de Mamíferos, no sin dejar de recibir aportes de Barriga-Bonilla y M.V. Uribe. A la fecha la colección se ha enriquecido principalmente a partir de las investigaciones y cursos de docencia que realiza el Instituto de Ciencias Naturales. En la actualidad la colección cuenta con 16.590 especímenes catalogados los cuales se encuentran preservados tanto en seco como en líquido.</para>
    </abstract>
        <keywordSet>
              <keyword>Occurrence</keyword>
              <keywordThesaurus>GBIF Dataset Type Vocabulary: http://rs.gbif.org/vocabulary/gbif/dataset_type.xml</keywordThesaurus>
        </keywordSet>
        <keywordSet>
              <keyword>Specimen</keyword>
              <keywordThesaurus>GBIF Dataset Subtype Vocabulary: http://rs.gbif.org/vocabulary/gbif/dataset_subtype.xml</keywordThesaurus>
        </keywordSet>
      <intellectualRights>
        <para>This work is licensed under a <ulink url="http://creativecommons.org/licenses/by-nc/4.0/legalcode"><citetitle>Creative Commons Attribution Non Commercial (CC-BY-NC) 4.0 License</citetitle></ulink>.</para>
      </intellectualRights>
      <distribution scope="document">
          <online>
              <url function="information">http://www.biovirtual.unal.edu.co/es/colecciones/search/mammals/</url>
          </online>
      </distribution>
      <coverage>
            <geographicCoverage>
                  <geographicDescription>Ejemplares principalmente de Suramerica, Centro y Norteamerica</geographicDescription>
                  <boundingCoordinates>
                      <westBoundingCoordinate>-126.37</westBoundingCoordinate>
                      <eastBoundingCoordinate>-27.27</eastBoundingCoordinate>
                      <northBoundingCoordinate>50.42</northBoundingCoordinate>
                      <southBoundingCoordinate>-56.87</southBoundingCoordinate>
                  </boundingCoordinates>
            </geographicCoverage>
              <taxonomicCoverage>
                    <taxonomicClassification>
                          <taxonRankName>Class</taxonRankName>
                        <taxonRankValue>Mammalia</taxonRankValue>
                          <commonName>Mamiferos</commonName>
                    </taxonomicClassification>
              </taxonomicCoverage>
      </coverage>
      <maintenance>
          <description>
              <para></para>
          </description>
          <maintenanceUpdateFrequency>notPlanned</maintenanceUpdateFrequency>
      </maintenance>
      <contact>
    <individualName>
<givenName>Hugo</givenName>          <surName>López</surName>
    </individualName>
<organizationName>Instituto de Ciencias Naturales - Universidad Nacional de Colombia</organizationName><positionName>Profesor</positionName>    <address>
<deliveryPoint>Cra 30 # 45 - 03. Edif 425 of 110</deliveryPoint><city>Bogotá D. C</city><administrativeArea>Bogotá D. C</administrativeArea><postalCode>111321</postalCode><country>COLOMBIA</country>    </address>
<phone>+571316500011525</phone><electronicMailAddress>hflopeza@unal.edu.co</electronicMailAddress><onlineUrl>http://ciencias.bogota.unal.edu.co/icn/talento-humano/personal-docente-de-planta/</onlineUrl>      </contact>
      <methods>
            <methodStep>
                <description>
                    <para></para>
                </description>
            </methodStep>
      </methods>

      <project >
          <title>Expedición por la historia: Contribución al conocimiento sobre biodiversidad a través del fortalecimiento de las colecciones del Instituto de Ciencias Naturales</title>
          <personnel>
    <individualName>
<givenName>Hugo</givenName>          <surName>López</surName>
    </individualName>
    <role>CURATOR</role>
          </personnel>
          <personnel>
    <individualName>
<givenName>Lauren</givenName>          <surName>Raz</surName>
    </individualName>
    <role>CUSTODIAN_STEWARD</role>
          </personnel>
          <personnel>
    <individualName>
<givenName>Henry</givenName>          <surName>Agudelo</surName>
    </individualName>
    <role>PUBLISHER</role>
          </personnel>
          <abstract>
              <para>Aumentar el conocimiento sobre biodiversidad por medio de la catalogación, curaduría, sistematización y publicación de datos históricos que reposan en las colecciones del Instituto de Ciencias Naturales de la Universidad Nacional de Colombia y que son de gran importancia para la nación. Dentro de los registros publicados en este recurso se tienen 5.458 registros los cuales provienen del programa ColombiaBIO.</para>
          </abstract>
          <funding>
              <para>CONVENIO ESPECIAL DE COOPERACIÓN No. FP44842-287-2017 COLCIENCIAS-Universidad Nacional de Colombia, mediante el programa ColombiaBIO.</para>
          </funding>
      </project>
</dataset>

<additionalMetadata>
    <metadata>
      <gbif>
        <dateStamp>2020-01-16T16:59:20Z</dateStamp>
      <citation identifier="http://doi.org/10.15472/lrjbmd">López H, Raz L, Agudelo H (2019). Colección de Mamíferos del Instituto de Ciencias Naturales (ICN-MHN-Ma). Version 2.8. Universidad Nacional de Colombia. Occurrence dataset https://doi.org/10.15472/lrjbmd accessed via GBIF.org on 2020-01-16.</citation>
              <bibliography>
      <citation>Cadena, A. &amp;Muñoz-Saba, Y. 2007. Colección de Mamíferos. En: Andrade-C., G. &amp; Lynch, J. (Eds.). 2007. Los tipos nomenclaturales depositados en la colección zoológica del Instituto de Ciencias Naturales. Bogota, Facultad de Ciencias Naturales. Universidad Nacional de Colombia. p. 198-202. (Biblioteca José Jerónimo Triana, n. 16).</citation>
              </bibliography>
              <resourceLogoUrl>https://ipt.biodiversidad.co/sib/logo.do?r=icn-mamiferos</resourceLogoUrl>
              <collection>
                <parentCollectionIdentifier>ICN-MHN</parentCollectionIdentifier>
                <collectionIdentifier>ICN-MHN-Ma</collectionIdentifier>
                <collectionName>Colección de Mamíferos del Instituto de Ciencias Naturales (ICN-MHN-Ma)</collectionName>
              </collection>
                <specimenPreservationMethod>ALCOHOL</specimenPreservationMethod>
                  <jgtiCuratorialUnit>
                      <jgtiUnitType>especimenes</jgtiUnitType>
                      <jgtiUnits uncertaintyMeasure="100">18,264</jgtiUnits>
                  </jgtiCuratorialUnit>
        </gbif>
    </metadata>
</additionalMetadata>

</eml:eml>
