<?xml version="1.0" encoding="utf-8"?>
<eml:eml xmlns:eml="eml://ecoinformatics.org/eml-2.1.1" xmlns:xsi="http://www.w3.org/2001/XMLSchema-instance"
         xsi:schemaLocation="eml://ecoinformatics.org/eml-2.1.1 http://rs.gbif.org/schema/eml-gbif-profile/1.1/eml.xsd"
        packageId="7c59ec48-022f-4298-929d-20100d7913cb"  system="http://gbif.org" scope="system"
  xml:lang="es">

<dataset>
      <alternateIdentifier>10.15472/w6iimu</alternateIdentifier>
        <alternateIdentifier>http://ipt.biodiversidad.co/iavh/resource?r=tejidos_bicentenario_faunaflora_2015</alternateIdentifier>
    <title>Tejidos colectados en la caracterización biótica para la conservación de especies amenazadas en el área de influencia del Oleoducto Bicentenario, departamentos de Arauca y Casanare, Colombia</title>
    <creator>
    <individualName>
<givenName>Carolina</givenName>          <surName>Mora</surName>
    </individualName>
<organizationName>La Palmita Centro de Investigación</organizationName><positionName>Subdirectora de Investigaciones</positionName>    <address>
<deliveryPoint>Calle 14 No. 25 - 18 Barrio Los Helechos</deliveryPoint><city>El Yopal</city><administrativeArea>Casanare</administrativeArea><country>COLOMBIA</country>    </address>
<phone>(8) 6344557 / 3174425705</phone><electronicMailAddress>investigacion@lapalmita.com.co</electronicMailAddress><onlineUrl>http://www.lapalmita.com.co</onlineUrl>    </creator>
    <metadataProvider>
    <individualName>
<givenName>Miguel</givenName>          <surName>Rodríguez</surName>
    </individualName>
<organizationName>La Palmita Centro de Investigación</organizationName><positionName>Director Científico</positionName>    <address>
<deliveryPoint>Calle 14 No. 25 - 18 Barrio Los Helechos</deliveryPoint><city>El Yopal</city><administrativeArea>Casanare</administrativeArea><country>COLOMBIA</country>    </address>
<phone>(8) 6344557 / 3174425705</phone><electronicMailAddress>director.cientifico@lapalmita.com.co</electronicMailAddress><onlineUrl>http://www.lapalmita.com.co</onlineUrl>    </metadataProvider>
    <associatedParty>
    <individualName>
<givenName>Miguel</givenName>          <surName>Rodríguez</surName>
    </individualName>
<organizationName>La Palmita Centro de Investigación</organizationName><positionName>Director Científico</positionName>    <address>
<deliveryPoint>Calle 14 No. 25 - 18 Barrio Los Helechos</deliveryPoint><city>El Yopal</city><administrativeArea>Casanare</administrativeArea><country>COLOMBIA</country>    </address>
<phone>(8) 6344557 / 3174425705</phone><electronicMailAddress>director.cientifico@lapalmita.com.co</electronicMailAddress><onlineUrl>http://www.lapalmita.com.co</onlineUrl>    <role>CONTENT_PROVIDER</role>
    </associatedParty>
    <associatedParty>
    <individualName>
          <surName>Infraestructura Institucional de Datos</surName>
    </individualName>
<organizationName>Instituto de Investigación de Recursos Biológicos Alexander Von Humboldt</organizationName>    <address>
<deliveryPoint>Calle 28A No. 15-09</deliveryPoint><city>Bogotá, D.C.</city><administrativeArea>Bogotá, D.C.</administrativeArea>    </address>
<phone>3202767</phone><electronicMailAddress>i2d@humboldt.org.co</electronicMailAddress><onlineUrl>http://www.humboldt.org.co</onlineUrl>    <role>CUSTODIAN_STEWARD</role>
    </associatedParty>
    <associatedParty>
    <individualName>
<givenName>William</givenName>          <surName>Trujillo</surName>
    </individualName>
<organizationName>La Palmita Centro de Investigación</organizationName><positionName>Investigador</positionName>    <address>
<deliveryPoint>Calle 14 No. 25 - 18 Barrio Los Helechos</deliveryPoint><city>El Yopal</city><administrativeArea>Casanare</administrativeArea><country>COLOMBIA</country>    </address>
<phone>(8) 6344557 / 3174425705</phone><electronicMailAddress>contacto@lapalmita.com.co</electronicMailAddress><onlineUrl>http://www.lapalmita.com.co</onlineUrl>    <role>AUTHOR</role>
    </associatedParty>
    <associatedParty>
    <individualName>
<givenName>Maria Monica</givenName>          <surName>Henao</surName>
    </individualName>
<organizationName>La Palmita Centro de Investigación</organizationName><positionName>Investigador</positionName>    <address>
<deliveryPoint>Calle 14 No. 25 - 18 Barrio Los Helechos</deliveryPoint><city>El Yopal</city><administrativeArea>Casanare</administrativeArea><country>COLOMBIA</country>    </address>
<phone>(8) 6344557 / 3174425705</phone><electronicMailAddress>contacto@lapalmita.com.co</electronicMailAddress><onlineUrl>http://www.lapalmita.com.co</onlineUrl>    <role>AUTHOR</role>
    </associatedParty>
    <associatedParty>
    <individualName>
<givenName>Jhon</givenName>          <surName>Zamudio</surName>
    </individualName>
<organizationName>La Palmita Centro de Investigación</organizationName><positionName>Investigador</positionName>    <address>
<deliveryPoint>Calle 14 No. 25 - 18 Barrio Los Helechos</deliveryPoint><city>El Yopal</city><administrativeArea>Casanare</administrativeArea><country>COLOMBIA</country>    </address>
<phone>(8) 6344557 / 3174425705</phone><electronicMailAddress>contacto@lapalmita.com.co</electronicMailAddress><onlineUrl>http://www.lapalmita.com.co</onlineUrl>    <role>AUTHOR</role>
    </associatedParty>
    <associatedParty>
    <individualName>
<givenName>Vicente</givenName>          <surName>Preciado</surName>
    </individualName>
<organizationName>La Palmita Centro de Investigación</organizationName><positionName>investigador</positionName>    <address>
<deliveryPoint>Calle 14 No. 25 - 18 Barrio Los Helechos</deliveryPoint><city>El Yopal</city><administrativeArea>Casanare</administrativeArea><country>COLOMBIA</country>    </address>
<phone>(8) 6344557 / 3174425705</phone><electronicMailAddress>contacto@lapalmita.com.co</electronicMailAddress><onlineUrl>http://www.lapalmita.com.co</onlineUrl>    <role>AUTHOR</role>
    </associatedParty>
    <associatedParty>
    <individualName>
<givenName>Argelina</givenName>          <surName>Blanco</surName>
    </individualName>
<organizationName>La Palmita Centro de Investigación</organizationName><positionName>investigador</positionName>    <address>
<deliveryPoint>Calle 14 No. 25 - 18 Barrio Los Helechos</deliveryPoint><city>El Yopal</city><administrativeArea>Casanare</administrativeArea><country>COLOMBIA</country>    </address>
<phone>(8) 6344557 / 3174425705</phone><electronicMailAddress>contacto@lapalmita.com.co</electronicMailAddress><onlineUrl>http://www.lapalmita.com.co</onlineUrl>    <role>AUTHOR</role>
    </associatedParty>
    <associatedParty>
    <individualName>
<givenName>Heron</givenName>          <surName>Romero</surName>
    </individualName>
<organizationName>La Palmita Centro de Investigación</organizationName><positionName>investigador</positionName>    <address>
<deliveryPoint>Calle 14 No. 25 - 18 Barrio Los Helechos</deliveryPoint><city>El Yopal</city><administrativeArea>Casanare</administrativeArea><country>COLOMBIA</country>    </address>
<phone>(8) 6344557 / 3174425705</phone><electronicMailAddress>contacto@lapalmita.com.co</electronicMailAddress><onlineUrl>http://www.lapalmita.com.co</onlineUrl>    <role>AUTHOR</role>
    </associatedParty>
    <associatedParty>
    <individualName>
<givenName>Diego</givenName>          <surName>Carantón</surName>
    </individualName>
<organizationName>La Palmita Centro de Investigación</organizationName><positionName>Investigador</positionName>    <address>
<deliveryPoint>Calle 14 No. 25 - 18 Barrio Los Helechos</deliveryPoint><city>El Yopal</city><administrativeArea>Casanare</administrativeArea><country>COLOMBIA</country>    </address>
<phone>(8) 6344557 / 3174425705</phone><electronicMailAddress>contacto@lapalmita.com.co</electronicMailAddress><onlineUrl>http://www.lapalmita.com.co</onlineUrl>    <role>AUTHOR</role>
    </associatedParty>
    <associatedParty>
    <individualName>
<givenName>Manuela</givenName>          <surName>Restrepo</surName>
    </individualName>
<organizationName>La Palmita Centro de Investigación</organizationName><positionName>Investigador</positionName>    <address>
<deliveryPoint>Calle 14 No. 25 - 18 Barrio Los Helechos</deliveryPoint><city>El Yopal</city><administrativeArea>Casanare</administrativeArea><country>COLOMBIA</country>    </address>
<phone>(8) 6344557 / 3174425705</phone><electronicMailAddress>contacto@lapalmita.com.co</electronicMailAddress><onlineUrl>http://www.lapalmita.com.co</onlineUrl>    <role>AUTHOR</role>
    </associatedParty>
    <associatedParty>
    <individualName>
<givenName>Camilo</givenName>          <surName>Fernández</surName>
    </individualName>
<organizationName>La Palmita Centro de Investigación</organizationName><positionName>Investigador</positionName>    <address>
<deliveryPoint>Calle 14 No. 25 - 18 Barrio Los Helechos</deliveryPoint><city>El Yopal</city><administrativeArea>Casanare</administrativeArea><country>COLOMBIA</country>    </address>
<phone>(8) 6344557 / 3174425705</phone><electronicMailAddress>contacto@lapalmita.com.co</electronicMailAddress><onlineUrl>http://www.lapalmita.com.co</onlineUrl>    <role>AUTHOR</role>
    </associatedParty>
    <associatedParty>
    <individualName>
<givenName>Diego</givenName>          <surName>Gutierrez</surName>
    </individualName>
<organizationName>La Palmita Centro de Investigación</organizationName><positionName>Iinvestigador</positionName>    <address>
<deliveryPoint>Calle 14 No. 25 - 18 Barrio Los Helechos</deliveryPoint><city>El Yopal</city><administrativeArea>Casanare</administrativeArea><country>COLOMBIA</country>    </address>
<phone>(8) 6344557 / 3174425705</phone><electronicMailAddress>contacto@lapalmita.com.co</electronicMailAddress><onlineUrl>http://www.lapalmita.com.co</onlineUrl>    <role>AUTHOR</role>
    </associatedParty>
      <pubDate>
      2017-06-05
      </pubDate>
    <language>SPANISH</language>
    <abstract>
        <para>El presente metadato hace parte de los resultados obtenidos en el marco del convenio de cooperación No. 15-14-172-010CE entre el Instituto Humboldt y La Palmita cuyo objetivo fue “aunar esfuerzos técnicos y administrativos para desarrollar las caracterizaciones de biodiversidad, así como la caracterización de los aspectos sociales y culturales relacionados con la biodiversidad y los ecosistemas asociados, en las cuatro ventanas de trabajo definidas por el Instituto Humboldt, en la zona de influencia del Oleoducto Bicentenario, en el marco del proyecto: Conservación de especies amenazadas en el área de influencia del Oleoducto Bicentenario”. Dentro del cual de estudiaron los 5 grupos de vertebrados (mamíferos, aves, reptiles, anfibios, peces) y las plantas. Este estudio se llevo a cargo en ecosistemas de piedemonte y sabanas inundables sobre la cuenca del río Casanare en el departamento de Arauca y sobre la cuenca del río Pauto en el departamento del Casanare. Como resultado de colectaron 177 tejidos de: 56 especies de aves, 34 especies de  mamíferos y 46 especies de peces.</para>
    </abstract>
        <keywordSet>
              <keyword>Casanare</keyword>
              <keyword>piedemonte</keyword>
              <keyword>sabanas</keyword>
              <keyword>fauna</keyword>
              <keyword>flora</keyword>
              <keyword>llanos</keyword>
              <keyword>Arauca</keyword>
              <keywordThesaurus>n/a</keywordThesaurus>
        </keywordSet>
        <keywordSet>
              <keyword>Specimen</keyword>
              <keywordThesaurus>GBIF Dataset Subtype Vocabulary: http://rs.gbif.org/vocabulary/gbif/dataset_subtype.xml</keywordThesaurus>
        </keywordSet>
        <keywordSet>
              <keyword>Occurrence</keyword>
              <keywordThesaurus>GBIF Dataset Type Vocabulary: http://rs.gbif.org/vocabulary/gbif/dataset_type.xml</keywordThesaurus>
        </keywordSet>
      <additionalInfo>
          <para>Información adicional es el informe final el cual se encuentra en elaboración, así como fotografías de los especímenes.</para>
      </additionalInfo>
      <intellectualRights>
        <para>This work is licensed under a <ulink url="http://creativecommons.org/licenses/by-nc/4.0/legalcode"><citetitle>Creative Commons Attribution Non Commercial (CC-BY-NC) 4.0 License</citetitle></ulink>.</para>
      </intellectualRights>
      <distribution scope="document">
          <online>
              <url function="information">http://ipt.biodiversidad.co/iavh/resource.do?r=tejidos_bicentenario_faunaflora_2015</url>
          </online>
      </distribution>
      <coverage>
            <geographicCoverage>
                  <geographicDescription>Se seleccionaron 4 ventanas de trabajo cada una de 1:25.000. Dos corresponden a la cuenca del río Casanare, una ubicada en el piedemonte en el municipio de Tame - Arauca y otra hacia las sabanas inundables entre el municipio de Tame - Arauca y el en el municipio de Hato Corozal - Casanare. Las otras dos ventanas corresponden a la cuenca del río Pauto, una en el pidemonte en el municipio de Tamara y la otra en sabanas ubicado en los municipio de Pore, San Luis de Palenque y Trinidad todas del departamento de Casanare.</geographicDescription>
                  <boundingCoordinates>
                      <westBoundingCoordinate>-72.213</westBoundingCoordinate>
                      <eastBoundingCoordinate>-71.51</eastBoundingCoordinate>
                      <northBoundingCoordinate>6.506</northBoundingCoordinate>
                      <southBoundingCoordinate>4.201</southBoundingCoordinate>
                  </boundingCoordinates>
            </geographicCoverage>
          <temporalCoverage>
            <rangeOfDates>
              <beginDate>
                <calendarDate>      2015-03-18
</calendarDate>
              </beginDate>
              <endDate>
                <calendarDate>      2015-11-17
</calendarDate>
              </endDate>
            </rangeOfDates>
          </temporalCoverage>
              <taxonomicCoverage>
                    <generalTaxonomicCoverage>46 especies de peces.</generalTaxonomicCoverage>
                    <taxonomicClassification>
                          <taxonRankName>Class</taxonRankName>
                        <taxonRankValue>Actinopterygii</taxonRankValue>
                          <commonName>Peces</commonName>
                    </taxonomicClassification>
              </taxonomicCoverage>
              <taxonomicCoverage>
                    <generalTaxonomicCoverage>56 especies de aves</generalTaxonomicCoverage>
                    <taxonomicClassification>
                          <taxonRankName>Class</taxonRankName>
                        <taxonRankValue>aves</taxonRankValue>
                          <commonName>aves</commonName>
                    </taxonomicClassification>
              </taxonomicCoverage>
              <taxonomicCoverage>
                    <generalTaxonomicCoverage>34 especies de  mamíferos</generalTaxonomicCoverage>
                    <taxonomicClassification>
                          <taxonRankName>Class</taxonRankName>
                        <taxonRankValue>Mammalia</taxonRankValue>
                          <commonName>mamíferos</commonName>
                    </taxonomicClassification>
              </taxonomicCoverage>
      </coverage>
      <purpose>
          <para>Aunar esfuerzos técnicos y administrativos para desarrollar las caracterizaciones de biodiversidad, así como la caracterización de aspectos sociales y culturales relacionados con la biodiversidad y los ecosistemas asociados, en las cuatro ventanas de trabajo definidas por el Instituto Humboldt, en las zona de influencia del Oleoducto Bicentenario, en el marco del Proyecto: Conservación de especies amenazadas en el área de influencia del Oleoducto Bicentenario.</para>
      </purpose>
      <maintenance>
          <description>
              <para></para>
          </description>
          <maintenanceUpdateFrequency>unkown</maintenanceUpdateFrequency>
      </maintenance>
      <contact>
    <individualName>
<givenName>Carolina</givenName>          <surName>Mora</surName>
    </individualName>
<organizationName>La Palmita Centro de Investigación</organizationName><positionName>Subdirectora de Investigaciones</positionName>    <address>
<deliveryPoint>Calle 14 No. 25 - 18 Barrio Los Helechos</deliveryPoint><city>El Yopal</city><administrativeArea>Casanare</administrativeArea><country>COLOMBIA</country>    </address>
<phone>(8) 6344557 / 3174425705</phone><electronicMailAddress>investigacion@lapalmita.com.co</electronicMailAddress><onlineUrl>http://www.lapalmita.com.co</onlineUrl>      </contact>
      <contact>
    <individualName>
<givenName>Maria Isabel</givenName>          <surName>Vieira</surName>
    </individualName>
<organizationName>Instituto de Investigación de Recursos Biológicos Alexander von Humboldt</organizationName><positionName>Investigadora</positionName>    <address>
<deliveryPoint>Calle 28A No. 15-09</deliveryPoint><city>Bogotá, D.C.</city><administrativeArea>Bogotá, D.C.</administrativeArea><country>COLOMBIA</country>    </address>
<phone>(1) 320 2767 Ext. 1292</phone><electronicMailAddress>mivieira@humboldt.org.co</electronicMailAddress><onlineUrl>http://www.humboldt.org.co</onlineUrl>      </contact>
      <methods>
            <methodStep>
                <description>
                    <para>1. Identificar las especies que requieren colecta de tejidos
2. Seguir los protocolos del IAvH para la toma de tejidos</para>
                </description>
            </methodStep>
            <sampling>
                <studyExtent>
                    <description>
                        <para>Se seleccionaron 4 ventanas de trabajo cada una de 1:25.000. Dos corresponden a la cuenca del río Casanare, una ubicada en el piedemonte en el municipio de Tame - Arauca y otra hacia las sabanas inundables entre el municipio de Tame - Arauca y el en el municipio de Hato Corozal - Casanare. Las otras dos ventanas corresponden a la cuenca del río Pauto, una en el pidemonte en el municipio de Tamara y la otra en sabanas ubicado en los municipio de Pore, San Luis de Palenque y Trinidad todas del departamento de Casanare.</para>
                    </description>
                </studyExtent>
                <samplingDescription>
                    <para>Para aves y mamíferos se tomo muestra de corazón e hígado. Para peces se tomo muestra de músculo o aleta. Estas muestras fueron preservadas en tubos ependorff en alcohol de rentas.</para>
                </samplingDescription>
            </sampling>
            <qualityControl>
                <description>
                    <para>Se siguieron todas las instrucción del protocolo suministrado por el IAvH</para>
                </description>
            </qualityControl>
      </methods>

      <project >
          <title>Conservación de Especies amanzadas en el área de influencia del Oleoducto Bicentenario</title>
          <personnel>
    <individualName>
<givenName>Miguel Eduardo</givenName>          <surName>Rodríguez Posada</surName>
    </individualName>
    <role>PRINCIPAL_INVESTIGATOR</role>
          </personnel>
          <abstract>
              <para></para>
          </abstract>
          <funding>
              <para>Convenio de cooperación 15-14-172-010CE entre Instituto de Investigaciones Alexander von Humboldt y la Fundación Reserva Natural La Palmita Centro de Investigación. Con recursos del Oleducto Bicentenario y recursos propios de la Fundación.</para>
          </funding>
            <studyAreaDescription>
                <descriptor name="generic" citableClassificationSystem="false">
                    <descriptorValue>Se seleccionaron 4 ventanas de trabajo cada una de 1:25.000. Dos corresponden a la cuenca del río Casanare, una ubicada en el piedemonte en el municipio de Tame - Arauca y otra hacia las sabanas inundables entre el municipio de Tame - Arauca y el en el municipio de Hato Corozal - Casanare. Las otras dos ventanas corresponden a la cuenca del río Pauto, una en el pidemonte en el municipio de Tamara y la otra en sabanas ubicado en los municipio de Pore, San Luis de Palenque y Trinidad todas del departamento de Casanare.</descriptorValue>
                </descriptor>
            </studyAreaDescription>
            <designDescription>
                <description>
                    <para>Este proyecto contemplo realizar unas caracterizaciones de los grupos principales de vertebrados así como de plantas en 4 ventanas seleccionadas por el IAvH, así como una caracterización social e identificación de los usos de los recursos naturales y de los servicios ecosistémicos existentes en el área de estudio. Para esto se contó con 20 profesionales expertos en cada uno de los grupos taxonómicos estudiados y un equipo de 9 sociales.</para>
                </description>
            </designDescription>
      </project>
</dataset>

<additionalMetadata>
    <metadata>
      <gbif>
        <dateStamp>2020-01-16T16:59:21Z</dateStamp>
      <citation identifier="http://doi.org/10.15472/w6iimu">Mora C, Rodríguez M (2017). Tejidos colectados en la caracterización biótica para la conservación de especies amenazadas en el área de influencia del Oleoducto Bicentenario, departamentos de Arauca y Casanare, Colombia. Instituto de Investigación de Recursos Biológicos Alexander von Humboldt. Occurrence dataset https://doi.org/10.15472/w6iimu accessed via GBIF.org on 2020-01-16.</citation>
              <bibliography>
      <citation>Ford ED, Ishii H. 2001. The method of synthesis in ecology. Oikos. 93(1): 153–160</citation>
      <citation>Heyer, W. R. 1994. Thread bobbins. In: Heyer, W. R., Donnelly, Maureen A., McDiarmid, Roy W., Hayek, Lee-Ann C. and Foster, Mercedes S., Measuring and Monitoring Biological Diversity: Standard Methods for Amphibians. Washington, D.C.: Smithsonian Institution Press. 153-155.</citation>
      <citation>Hoffmann, A., J. Decher, F. Rovero, J. Schaer, C. Voigt &amp; G. Wibbelt. 2010. Field Methods and Techniques for Monitoring Mammals. Pp. 482-529, en: Eymann, J., J. Degreef, Ch. Häuser, J.C. Monje, Y. Samyn &amp; D. VandenSpiegel (eds). Manual on field recording techniques and protocols for All Taxa Biodiversity Inventories and Monitoring (ATBIs). AbtTaxa. 8 (2).</citation>
      <citation>Hyslop, E. J. 1980. Stomach contents analysis. A review of methods and their applications. Journal of Fish Biology. 17: 411-429.</citation>
      <citation>Pech-Canche, J. M., E. Estrella, D. L. López-Castillo, S. F. Hernández-Betancourt, &amp; C. E. Moreno. 2011. Complementarity and efficiency of bat capture methods in a lowland tropical dry forest of Yucatán, Mexico. Revista Mexicana de Biodiversidad. 82: 896–903.</citation>
      <citation>Sampaio, E., E. K. V. Kalko, E. Bernard, B. Rodríguez-Herrera &amp; C. O. Handley. 2003. A biodiversity assessment of bats (Chiroptera) in a Tropical Lowland Rainforest of Central Amazonia, including methodological and conservation considerations. Studies on Neotropical fauna and environment. 38: 17-31.</citation>
      <citation>Wilson, D. E., F. R. Cole, J. D. Nichols, R. Rudran &amp; M. S. Foster (eds.). 1996. Measuring and monitoring biological diversity. Standard methods for mammals. Smithsonian Institution Press. Washington, D. C. 409 pp.</citation>
              </bibliography>
              <physical>
                  <objectName>Tejidos colectados en la caracterización biótica para la conservación de especies amenazadas en el área de influencia del Oleoducto Bicentenario, departamentos de Arauca y Casanare, Colombia</objectName>
                  <characterEncoding>UTF-8</characterEncoding>
                  <dataFormat>
                      <externallyDefinedFormat>
                          <formatName>txt</formatName>
                      </externallyDefinedFormat>
                  </dataFormat>
                  <distribution>
                      <online>
                          <url function="download">http://i2d.humboldt.org.co/ceiba/resource.do?r=tejidos_bicentenario_faunaflora_2015</url>
                      </online>
                  </distribution>
              </physical>
              <resourceLogoUrl>https://s3.amazonaws.com/sib-resources/images/logos-socios/ipt/Logo-humboldt.jpg</resourceLogoUrl>
              <collection>
                <parentCollectionIdentifier>No aplica</parentCollectionIdentifier>
                <collectionIdentifier>IAvH-CT</collectionIdentifier>
                <collectionName>Colección de tejidos del Instituto Alexander von Humboldt</collectionName>
              </collection>
                <specimenPreservationMethod>OTHER</specimenPreservationMethod>
        </gbif>
    </metadata>
</additionalMetadata>

</eml:eml>
