<?xml version="1.0" encoding="utf-8"?>
<eml:eml xmlns:eml="eml://ecoinformatics.org/eml-2.1.1" xmlns:xsi="http://www.w3.org/2001/XMLSchema-instance"
         xsi:schemaLocation="eml://ecoinformatics.org/eml-2.1.1 http://rs.gbif.org/schema/eml-gbif-profile/1.1/eml.xsd"
        packageId="cd77bcbf-a35d-4e6a-a361-fd5634295c20"  system="http://gbif.org" scope="system"
  xml:lang="es">

<dataset>
      <alternateIdentifier>10.15472/yz24w3</alternateIdentifier>
        <alternateIdentifier>https://ipt.biodiversidad.co/sib/resource?r=mamiferos_sulu1</alternateIdentifier>
    <title>Mamíferos asociados a cuatro ventanas de la Orinoquia Colombiana - SULU I</title>
    <creator>
    <individualName>
<givenName>Santiago</givenName>          <surName>Cañon</surName>
    </individualName>
<organizationName>Fundación Omacha</organizationName><positionName>Investigador</positionName>    <address>
<deliveryPoint>Calle 84 #21-64</deliveryPoint><city>Bogotá, D.C.</city><administrativeArea>Cundinamarca</administrativeArea><postalCode>NA</postalCode><country>COLOMBIA</country>    </address>
<electronicMailAddress>canon.santiago@yahoo.com.co</electronicMailAddress>    </creator>
    <creator>
    <individualName>
<givenName>Fernando</givenName>          <surName>Trujillo</surName>
    </individualName>
<organizationName>Fundación Omacha</organizationName><positionName>Director Científico</positionName>    <address>
<deliveryPoint>Calle 84 #21-64</deliveryPoint><city>Bogotá, D.C.</city><administrativeArea>Cundinamarca</administrativeArea><postalCode>NA</postalCode><country>COLOMBIA</country>    </address>
<phone>3203024740</phone><electronicMailAddress>fernando@omacha.org</electronicMailAddress>    </creator>
    <creator>
    <individualName>
<givenName>Edgar Esteban</givenName>          <surName>Herrera Collazos</surName>
    </individualName>
<organizationName>Fundación Omacha</organizationName><positionName>Data Scientist</positionName>    <address>
<deliveryPoint>Calle 84 #21-64</deliveryPoint><city>Bogotá, D.C.</city><administrativeArea>Cundinamarca</administrativeArea><postalCode>NA</postalCode><country>COLOMBIA</country>    </address>
<electronicMailAddress>edgarestebanhc@gmail.com</electronicMailAddress>      <userId directory="https://www.linkedin.com/profile/view?id=">edgar-esteban-herrera-collazos-71540638/</userId>
    </creator>
    <metadataProvider>
    <individualName>
<givenName>Fernando</givenName>          <surName>Trujillo</surName>
    </individualName>
<organizationName>Fundación Omacha</organizationName><positionName>Director Científico</positionName>    <address>
<deliveryPoint>Calle 84 #21-64</deliveryPoint><city>Bogotá, D.C.</city><administrativeArea>Cundinamarca</administrativeArea><postalCode>NA</postalCode><country>COLOMBIA</country>    </address>
<phone>3203024740</phone><electronicMailAddress>fernando@omacha.org</electronicMailAddress>    </metadataProvider>
    <metadataProvider>
    <individualName>
<givenName>Edgar Esteban</givenName>          <surName>Herrera Collazos</surName>
    </individualName>
<organizationName>Fundación Omacha</organizationName><positionName>Data Scientist</positionName>    <address>
<deliveryPoint>Calle 84 #21-64</deliveryPoint><city>Bogotá, D.C.</city><administrativeArea>Cundinamarca</administrativeArea><postalCode>NA</postalCode><country>COLOMBIA</country>    </address>
<electronicMailAddress>edgarestebanhc@gmail.com</electronicMailAddress>      <userId directory="https://www.linkedin.com/profile/view?id=">edgar-esteban-herrera-collazos-71540638/</userId>
    </metadataProvider>
    <associatedParty>
<organizationName>Fundación Omacha</organizationName>    <address>
<deliveryPoint>Calle 84 #21-64</deliveryPoint><city>Bogotá, D.C.</city><administrativeArea>Cundinamarca</administrativeArea><postalCode>NA</postalCode><country>COLOMBIA</country>    </address>
<phone>3203024740</phone><electronicMailAddress>fernando@omacha.org</electronicMailAddress>    <role>OWNER</role>
    </associatedParty>
    <associatedParty>
<organizationName>WWF Colombia</organizationName>    <address>
<deliveryPoint>Carrera 35 No. 4A-25</deliveryPoint><city>Cali</city><administrativeArea>Valle del Cauca</administrativeArea><country>COLOMBIA</country>    </address>
<electronicMailAddress>jsusma@wwf.org</electronicMailAddress>    <role>OWNER</role>
    </associatedParty>
      <pubDate>
      2019-08-14
      </pubDate>
    <language>SPANISH</language>
    <abstract>
        <para>Se realizó levantamiento de datos de mamíferos en cuatro ventanas de la orinoquia Colombiana en los municipios de Puerto Gaitan, Puerto Carreño, Santa Rosalia y Mani de los departamentos del Meta, Vichada y Casanare. La aproximación metodológica consistió en Fototrampeo, captura y liberación con Trampas Sherman y Redes de Niebla y la búsqueda de indicios directos en recorridos libres. El conjunto de datos cuenta con un total de 277 registros.</para>
    </abstract>
        <keywordSet>
              <keyword>Occurrence</keyword>
              <keywordThesaurus>GBIF Dataset Type Vocabulary: http://rs.gbif.org/vocabulary/gbif/dataset_type.xml</keywordThesaurus>
        </keywordSet>
        <keywordSet>
              <keyword>Observation</keyword>
              <keywordThesaurus>GBIF Dataset Subtype Vocabulary: http://rs.gbif.org/vocabulary/gbif/dataset_subtype.xml</keywordThesaurus>
        </keywordSet>
        <keywordSet>
              <keyword>Casanare</keyword>
              <keyword>Meta</keyword>
              <keyword>Santa Rosalia</keyword>
              <keyword>Orinoquía</keyword>
              <keyword>SULU I</keyword>
              <keyword>Puerto Carreño</keyword>
              <keyword>Mamíferos</keyword>
              <keyword>Puerto Gaitan</keyword>
              <keyword>Mani</keyword>
              <keyword>Sabanas</keyword>
              <keyword>Vichada</keyword>
              <keywordThesaurus>N/A</keywordThesaurus>
        </keywordSet>
      <intellectualRights>
        <para>This work is licensed under a <ulink url="http://creativecommons.org/licenses/by-nc/4.0/legalcode"><citetitle>Creative Commons Attribution Non Commercial (CC-BY-NC) 4.0 License</citetitle></ulink>.</para>
      </intellectualRights>
      <coverage>
            <geographicCoverage>
                  <geographicDescription>El área de muestreo de los datos de mamíferos se encuentran en cuatro ventanas de la orinoquia Colombiana en los municipios de Puerto Gaitan, Puerto Carreño, Santa Rosalia y Mani de los departamentos del Meta, Vichada y Casanare.</geographicDescription>
                  <boundingCoordinates>
                      <westBoundingCoordinate>-72.113</westBoundingCoordinate>
                      <eastBoundingCoordinate>-67.682</eastBoundingCoordinate>
                      <northBoundingCoordinate>6.101</northBoundingCoordinate>
                      <southBoundingCoordinate>4.269</southBoundingCoordinate>
                  </boundingCoordinates>
            </geographicCoverage>
          <temporalCoverage>
            <rangeOfDates>
              <beginDate>
                <calendarDate>      2012-05-13
</calendarDate>
              </beginDate>
              <endDate>
                <calendarDate>      2013-11-20
</calendarDate>
              </endDate>
            </rangeOfDates>
          </temporalCoverage>
              <taxonomicCoverage>
                    <generalTaxonomicCoverage>El conjunto de datos cuenta con un total de 277 registros, los cuales 3 se encuentran identificados a nivel de género y 274 se encuentran identificados a nivel de especie. Se cuenta con 10 órdenes únicos, 22 Familias únicas, 35 géneros únicos y 38 especies únicas.</generalTaxonomicCoverage>
                    <taxonomicClassification>
                          <taxonRankName>Family</taxonRankName>
                        <taxonRankValue>Atelidae</taxonRankValue>
                    </taxonomicClassification>
                    <taxonomicClassification>
                          <taxonRankName>Family</taxonRankName>
                        <taxonRankValue>Canidae</taxonRankValue>
                    </taxonomicClassification>
                    <taxonomicClassification>
                          <taxonRankName>Family</taxonRankName>
                        <taxonRankValue>Caviidae</taxonRankValue>
                    </taxonomicClassification>
                    <taxonomicClassification>
                          <taxonRankName>Family</taxonRankName>
                        <taxonRankValue>Cebidae</taxonRankValue>
                    </taxonomicClassification>
                    <taxonomicClassification>
                          <taxonRankName>Family</taxonRankName>
                        <taxonRankValue>Cervidae</taxonRankValue>
                    </taxonomicClassification>
                    <taxonomicClassification>
                          <taxonRankName>Family</taxonRankName>
                        <taxonRankValue>Cuniculidae</taxonRankValue>
                    </taxonomicClassification>
                    <taxonomicClassification>
                          <taxonRankName>Family</taxonRankName>
                        <taxonRankValue>Dasypodidae</taxonRankValue>
                    </taxonomicClassification>
                    <taxonomicClassification>
                          <taxonRankName>Family</taxonRankName>
                        <taxonRankValue>Dasyproctidae</taxonRankValue>
                    </taxonomicClassification>
                    <taxonomicClassification>
                          <taxonRankName>Family</taxonRankName>
                        <taxonRankValue>Didelphidae</taxonRankValue>
                    </taxonomicClassification>
                    <taxonomicClassification>
                          <taxonRankName>Family</taxonRankName>
                        <taxonRankValue>Echimyidae</taxonRankValue>
                    </taxonomicClassification>
                    <taxonomicClassification>
                          <taxonRankName>Family</taxonRankName>
                        <taxonRankValue>Emballonuridae</taxonRankValue>
                    </taxonomicClassification>
                    <taxonomicClassification>
                          <taxonRankName>Family</taxonRankName>
                        <taxonRankValue>Erethizontidae</taxonRankValue>
                    </taxonomicClassification>
                    <taxonomicClassification>
                          <taxonRankName>Family</taxonRankName>
                        <taxonRankValue>Felidae</taxonRankValue>
                    </taxonomicClassification>
                    <taxonomicClassification>
                          <taxonRankName>Family</taxonRankName>
                        <taxonRankValue>Leporidae</taxonRankValue>
                    </taxonomicClassification>
                    <taxonomicClassification>
                          <taxonRankName>Family</taxonRankName>
                        <taxonRankValue>Molossidae</taxonRankValue>
                    </taxonomicClassification>
                    <taxonomicClassification>
                          <taxonRankName>Family</taxonRankName>
                        <taxonRankValue>Mormoopidae</taxonRankValue>
                    </taxonomicClassification>
                    <taxonomicClassification>
                          <taxonRankName>Family</taxonRankName>
                        <taxonRankValue>Mustelidae</taxonRankValue>
                    </taxonomicClassification>
                    <taxonomicClassification>
                          <taxonRankName>Family</taxonRankName>
                        <taxonRankValue>Myrmecophagidae</taxonRankValue>
                    </taxonomicClassification>
                    <taxonomicClassification>
                          <taxonRankName>Family</taxonRankName>
                        <taxonRankValue>Phyllostomidae</taxonRankValue>
                    </taxonomicClassification>
                    <taxonomicClassification>
                          <taxonRankName>Family</taxonRankName>
                        <taxonRankValue>Sciuridae</taxonRankValue>
                    </taxonomicClassification>
                    <taxonomicClassification>
                          <taxonRankName>Family</taxonRankName>
                        <taxonRankValue>Tapiridae</taxonRankValue>
                    </taxonomicClassification>
                    <taxonomicClassification>
                          <taxonRankName>Family</taxonRankName>
                        <taxonRankValue>Tayassuidae</taxonRankValue>
                    </taxonomicClassification>
              </taxonomicCoverage>
      </coverage>
      <maintenance>
          <description>
              <para></para>
          </description>
          <maintenanceUpdateFrequency>unkown</maintenanceUpdateFrequency>
      </maintenance>
      <contact>
    <individualName>
<givenName>Fernando</givenName>          <surName>Trujillo</surName>
    </individualName>
<organizationName>Fundación Omacha</organizationName><positionName>Director Científico</positionName>    <address>
<deliveryPoint>Calle 84 #21-64</deliveryPoint><city>Bogotá, D.C.</city><administrativeArea>Cundinamarca</administrativeArea><postalCode>NA</postalCode><country>COLOMBIA</country>    </address>
<phone>3203024740</phone><electronicMailAddress>fernando@omacha.org</electronicMailAddress>      </contact>
      <contact>
    <individualName>
<givenName>Edgar Esteban</givenName>          <surName>Herrera Collazos</surName>
    </individualName>
<organizationName>Fundación Omacha</organizationName><positionName>Data Scientist</positionName>    <address>
<deliveryPoint>Calle 84 #21-64</deliveryPoint><city>Bogotá, D.C.</city><administrativeArea>Cundinamarca</administrativeArea><postalCode>NA</postalCode><country>COLOMBIA</country>    </address>
<electronicMailAddress>edgarestebanhc@gmail.com</electronicMailAddress>      <userId directory="https://www.linkedin.com/profile/view?id=">edgar-esteban-herrera-collazos-71540638/</userId>
      </contact>
      <contact>
    <individualName>
<givenName>Saulo</givenName>          <surName>Usma</surName>
    </individualName>
<organizationName>WWF Colombia</organizationName><positionName>Investigador</positionName>    <address>
<deliveryPoint>Carrera 35 No. 4A-25</deliveryPoint><city>Cali</city><administrativeArea>Valle del Cauca</administrativeArea><country>COLOMBIA</country>    </address>
<electronicMailAddress>jsusma@wwf.org</electronicMailAddress>      </contact>
      <contact>
    <individualName>
<givenName>Sofía</givenName>          <surName>Rincón</surName>
    </individualName>
<organizationName>WWF Colombia</organizationName><positionName>Investigadora</positionName>    <address>
<deliveryPoint>Carrera 35 No. 4A-25</deliveryPoint><city>Cali</city><administrativeArea>Valle del Cauca</administrativeArea><postalCode>NA</postalCode><country>COLOMBIA</country>    </address>
<electronicMailAddress>sarincon@wwf.org</electronicMailAddress>      </contact>
      <methods>
            <methodStep>
                <description>
                    <para>Fototrampeo (con y sin la utilización de cebos). Se utilizaron 11 cámaras trampa marca DCL covert ll, de 5 mega pixeles. Una parte de estas se dejaron fijas durante los días de muestreo en cada ventana, y las otras se cambiaron a diario, con el objeto de ampliar la cobertura y muestrear zonas de posible paso de mamíferos.. Las cámaras fueron instaladas entre las 14:00 y las 18:00 y se dejaban activas hasta el día siguiente. Para la elección de los lugares de instalación se consideraron los de mayor posibilidad de captura teniendo en cuenta la presencia de huellas, rastros, caminos y la opinión de los auxiliares de investigación local.</para>
                </description>
            </methodStep>
            <methodStep>
                <description>
                    <para>Captura y liberación Para mamíferos menores se utilizaron 10 trampas Sherman pequeñas y 10 grandes, ubicadas a nivel del suelo, de manera aleatoria en cada tipo de cobertura de vegetación y a una distancia mínima de cinco metros entre las trampas. Se usó un cebo elaborado a base de mantequilla de maní, avena en hojuelas, esencia de vainilla y frutas maduras; las trampas se dejaron activas desde las 17:00 hasta las 7:00 del siguiente día (Sánchez et al., 2004).</para>
                </description>
            </methodStep>
            <methodStep>
                <description>
                    <para>Para la captura de murciélagos se utilizaron tres (3) redes de niebla las cuales se instalaron en claros de bosque de galería, en el ecotono sabana-bosque de galería, y en cercanías de las casas. Se dejaron abiertas desde las 17:30 por dos horas en promedio (Sánchez, et al 2004). Se siguió la metodología referida en Balderrama et al., 2005 y Sánchez et al., 2004., llevando un registro fotográfico y de datos morfométricos de cada individuo Para la identificación de los murciélagos se siguieron las claves de: Aguirre et al., 2009.</para>
                </description>
            </methodStep>
            <methodStep>
                <description>
                    <para>Búsqueda de indicios indirectos: consistió en la realización de recorridos a pie por caminos, veredas, caños y otros elementos lineales del paisaje, habitualmente utilizados por los carnívoros en sus desplazamientos y comportamientos de marcaje A lo largo de estos recorridos se buscaron rastros e indicios de su presencia. Este método se utiliza de forma habitual en trabajos extensivos con carnívoros (Palomares et al. 1991, Virgós y García 2002). Para sistematizar el muestreo, en cada sitio de muestreo, se dividió el área de estudio en cuadrículas de 1x1 Km aproximadamente.</para>
                </description>
            </methodStep>
            <methodStep>
                <description>
                    <para>Para la identificación de huellas y otros indicios se utilizaron las guías de Morales- Jiménez et al, 2004; Navarro y Muños, 2000; Tirira, 2007 y Moro-Ríos et al., 2008. Para tener mayor representatividad de la ventana también se tuvieron en cuenta los desplazamientos hacia cada punto de muestreo (principalmente por la sabana). Igual mente se realizaron algunos recorridos en una camioneta 4x4 (sabaneo) en busca de mamíferos.</para>
                </description>
            </methodStep>
            <sampling>
                <studyExtent>
                    <description>
                        <para>Se realizó levantamiento de datos de mamíferos en cuatro ventanas de la orinoquia Colombiana en los municipios de Puerto Gaitan, Puerto Carreño, Santa Rosalia y Mani de los departamentos del Meta, Vichada y Casanare.</para>
                    </description>
                </studyExtent>
                <samplingDescription>
                    <para>La aproximación metodológica consistió en Fototrampeo, captura y liberación con Trampas Sherman y Redes de Niebla y la búsqueda de indicios directos en recorridos libres. El conjunto de datos cuenta con un total de 277 registros.</para>
                </samplingDescription>
            </sampling>
      </methods>

      <project >
          <title>Proyecto SULU: IDENTIFICACIÓN DE AREAS DE ALTOS VALORES DE CONSERVACIÓN PARA LA BIODIVERSIDAD EN TRES VENTANAS DE LA ORINOQUIA COLOMBIANA</title>
          <personnel>
    <individualName>
<givenName>Fernando</givenName>          <surName>Trujillo</surName>
    </individualName>
    <role>PRINCIPAL_INVESTIGATOR</role>
          </personnel>
          <personnel>
    <individualName>
<givenName>Sofía</givenName>          <surName>Rincón</surName>
    </individualName>
    <role>PRINCIPAL_INVESTIGATOR</role>
          </personnel>
          <personnel>
    <individualName>
<givenName>Saulo</givenName>          <surName>Usma</surName>
    </individualName>
    <role>PRINCIPAL_INVESTIGATOR</role>
          </personnel>
          <abstract>
              <para>El proyecto SuLu se viene implementando en Colombia en un área de  estudio de aproximadamente 14.9 millones de hectáreas en la porción colombiana de la cuenca del Orinoco y en Indonesia; específicamente en Sumatra y Kalimantan. El objetivo fue adaptar y desarrollar métodos y herramientas para la identificación de áreas con alto, medio y bajo riesgo en zonas de sabanas (basados en la Directiva 2009/28/CE del Parlamento Europeo y del Consejo -EU RES-D), las cuales fueron definidas con base en la riqueza de especies, contribuyendo de esta manera a la implementación y puesta en marcha de la Directiva europea.  Como parte integral de este proyecto, se idenrtificaron cuatro ventanas de análisis en la región para profundizar sobre su biodiversidad. Estas ventanas fueron identificadas por especialistas siguiendo la metodología de áreas de alto valor de conservación (AVC), y a través de una alianza con varias organizaciones (Fundación Omacha, Calidris, Universidad del Tolima) se implementó un esfuerzo de caracterización biológica.</para>
          </abstract>
          <funding>
              <para>WWF Colombia y Gobierno de Alemania. Contrapartidas: Fundación Omacha, Universidad del Tolima y Fundación Calidris.</para>
          </funding>
            <studyAreaDescription>
                <descriptor name="generic" citableClassificationSystem="false">
                    <descriptorValue>Las ventanas de trabajo se localizaron en el municipio de Puerto Gaitán (Finca Brasil), Santa Rosalia (Vichada) y Reserva Natural La Pedregoza (Vichada). Adicionalmente, se muestreó en Casanare en la Finca el Maní, correspondiente a un predio palmero.</descriptorValue>
                </descriptor>
            </studyAreaDescription>
      </project>
</dataset>

<additionalMetadata>
    <metadata>
      <gbif>
        <dateStamp>2020-01-16T16:59:19Z</dateStamp>
      <citation identifier="https://doi.org/10.15472/yz24w3">Cañon S, Trujillo F, Herrera Collazos E (2019). Mamíferos asociados a cuatro ventanas de la Orinoquia Colombiana - SULU I. Fundación Omacha. Occurrence dataset https://doi.org/10.15472/yz24w3 accessed via GBIF.org on 2020-01-16.</citation>
              <bibliography>
      <citation>Aguirre, L., A. Vargas &amp; S. Solari. 2009. Clave de campo para la identificación de los murciélagos de Bolivia. Centro de Estudios en Biología Teórica y Aplicada. Cochabamba, Bolivia. 38 pp.</citation>
      <citation>Balderrama, A., L. Aguirre, R. Aguayo, D. Rejas &amp; L. Zúñiga. 2005. Técnicas de Censo y Colecta de Fauna. (Síntesis y Ejercicio). Centro para la Biodiversidad y Conservación (CBC) del Museo Americano de Historia Natural (AMNH, American Museo of Natural Historia). &lt;http://ncep.amnh.org/index.php?globalnav=resources&amp;sectionnav=modules&amp;sectio nsubnav=module_files&amp;module_id=209&gt;. Recuperado 23 de junio de 2012.</citation>
      <citation>Morales-Jiménez, A., F. Sánchez, K. Poveda &amp; A. Cadena. 2004. Mamíferos Terrestres y Voladores de Colombia, Guía de Campo, Bogotá, Colombia. 248 p.</citation>
      <citation>Moro-Ríos, R., J. Silva-Pereira, P. e Silva, M de Moura-Britto &amp; D. Nogarolli. 2008. Manual de Rastros da Fauna Paranaense. Curitiba: Instituto Ambiental do Paraná 70p.</citation>
      <citation>Navarro, J. &amp; J Muños. 2000. Manual de Huellas de Algunos Mamíferos Terrestres de Colombia. Edición de campo. Medellín. Colombia. 121 p.</citation>
      <citation>Palomares, F., Rodríguez, A., Laﬃtte, R., Delibes, M., 1991. The status and distribution of the Iberian lynx Felis pardina (Temminck) in Coto Donñana area, SW Spain. Biological Conservation. 57, 159–169.</citation>
      <citation>Sánchez, F., P. Sánchez-Palomino &amp; A. Cadena ales-Jiménez. 2004. Inventario de mamíferos en un bosque de los andes centrales de Colombia. Caldasia 26(1):291-309.</citation>
      <citation>Tirira, Diego. 2007. Mamíferos del Ecuador .Guía de Campo. Publicación especial sobre los mamíferos del Ecuador 6. Ediciones Murciélago Blanco. Quito, Ecuador, 576 p.</citation>
      <citation>Virgós, E., García, F. J. (2002). Patch occupancy by stone martens Martes foina in fragmented landscapes of central Spain: the role of fragmented size, isolation and habitat structure. Acta Oecologica, 23: 231 – 237.</citation>
              </bibliography>
              <resourceLogoUrl>https://s3.amazonaws.com/sib-resources/images/logos-socios/portal-sib/Logo-f-omacha.png</resourceLogoUrl>
        </gbif>
    </metadata>
</additionalMetadata>

</eml:eml>
