<?xml version="1.0" encoding="utf-8"?>
<eml:eml xmlns:eml="eml://ecoinformatics.org/eml-2.1.1" xmlns:xsi="http://www.w3.org/2001/XMLSchema-instance"
         xsi:schemaLocation="eml://ecoinformatics.org/eml-2.1.1 http://rs.gbif.org/schema/eml-gbif-profile/1.1/eml.xsd"
        packageId="10.15468/dl.0x8cjq"  system="http://gbif.org" scope="system"
  xml:lang="en">

<dataset>
        <alternateIdentifier>0042088-191105090559680</alternateIdentifier>
    <title>GBIF Occurrence Download 10.15468/dl.0x8cjq</title>
    <creator>
    <individualName>
          <surName>GBIF Download Service</surName>
    </individualName>
<electronicMailAddress>support@gbif.org</electronicMailAddress>    </creator>
    <metadataProvider>
    <individualName>
          <surName>GBIF Download Service</surName>
    </individualName>
<electronicMailAddress>support@gbif.org</electronicMailAddress>    </metadataProvider>
      <pubDate>
      2020-01-16
      </pubDate>
    <language>ENGLISH</language>
    <abstract>
        <para>A dataset containing all occurrences available in GBIF matching the query:
{
  &quot;and&quot; : [ &quot;TaxonKey is Marmosa mexicana Merriam, 1897&quot;, &quot;HasCoordinate is true&quot;, &quot;HasGeospatialIssue is false&quot; ]
}
The dataset includes records from the following constituent datasets. The full metadata for each constituent is also included in this archive:
1 records from Sistematización de las colecciones científicas del Instituto de Historia Natural y Ecología, (IHNE) Chiapas
1 records from NYSM Mammals
1 records from LSUMZ Mammals Collection
1 records from UAZ Mammals
1 records from Paleobiology Database
1 records from MLZ Mammal Collection (Arctos)
1 records from SBMNH Vertebrate Zoology
1 records from Ohio State University Tetrapod Division - Mammal Collection (OSUM)
2 records from UCLA Donald R. Dickey Bird and Mammal Collection
2 records from Computarización de la colección de mamíferos del Centro de Educación Ambiental e Investigación Sierra de Huautla (CEAMISH) de la Universidad Autónoma del Estado de Morelos (UAEM)
2 records from MSU Mammalogy, Ornithology and Vertebrate Paleontology Collections
2 records from Mammals housed at MHNG, Geneva
2 records from Computarización de las colecciones de vertebrados terrestres de la Escuela Nacional de Ciencias Biológicas, IPN - Fases 2 y 3
3 records from Evaluación y monitoreo de manglar en la Reserva de la Biósfera Los Petenes con énfasis en criterios de sustentabilidad y desarrollo
3 records from Formación de las colecciones de referencia de aves y mamíferos de la Reserva de la Biosfera de Sian Ka&apos;an, Quintana Roo, México
3 records from Actualización de la base de datos de la Colección de mamíferos del Museo de Zoología &apos;Alfonso L. Herrera&apos;
3 records from Caracterización biológica del Monumento Natural Yaxchilán como un elemento fundamental para el diseño de su plan rector de manejo
4 records from Catálogo de los mamíferos de México en resguardo de The Natural History Museum (London), Inglaterra
4 records from Angelo State Natural History Collections (ASNHC) - Mammalogy Collection
6 records from Código de barras de ejemplares de la Colección Nacional de Mamíferos del Instituto de Biología, UNAM
7 records from Mamíferos del Estado de Veracruz
7 records from Diversidad y distribución mastofaunística en las regiones prioritarias para la conservación del estado de Oaxaca
8 records from Vertebrados terrestres del Corredor Biológico Sierra Madre del Sur, Chiapas, México
8 records from CAS Mammalogy (MAM)
8 records from LACM Vertebrate Collection
10 records from La mastofauna del cuaternario tardío de México
10 records from Fortalecimiento de las colecciones de ECOSUR. Primera fase
11 records from Base de datos de mamíferos de México depositados en colecciones de Estados Unidos y Canadá
11 records from Museum of Comparative Zoology, Harvard University
12 records from Incorporación de nuevos registros de mamíferos de la región Sierra Norte de Oaxaca
12 records from Field Museum of Natural History (Zoology) Mammal Collection
13 records from Actualización de la base de datos del estado de Morelos de la Colección Nacional de Mamíferos del Instituto de Biología, UNAM
13 records from Proyecto interno ejecutado por la CONABIO: Sistema de información sobre Bosque Mesófilo de Montaña de México para apoyo en programas de restauración (Fase 1)
14 records from TTU Mammals Collection
15 records from CNMA/Colección Nacional de mamíferos
16 records from University of Michigan Museum of Zoology, Division of Mammals
17 records from Bosque Mesófilo de Montaña de México
18 records from Análisis morfofenético de las poblaciones alopátricas de Thomomys umbrinus (Rodentia: Geomyidae) en la provincia volcánico-transversa
19 records from NMNH Extant Specimen Records
22 records from Mamíferos de los Parques Nacionales Lagunas de Montebello y Palenque, Chiapas
24 records from MVZ Mammal Collection (Arctos)
24 records from Biodiversidad mastozoológica del Eje Volcánico Transversal
26 records from Mammalogy Collection - Royal Ontario Museum
27 records from Geographically tagged INSDC sequences
28 records from International Barcode of Life project (iBOL)
30 records from iNaturalist Research-grade Observations
39 records from Actualización de la base de datos del Atlas Mastozoológico de México
45 records from USAC Mammals Collection
63 records from KUBI Mammalogy Collection
170 records from Actualización y enriquecimiento de las bases de datos del proyecto de evaluación y análisis geográfico de la diversidad faunística de Chiapas
</para>
    </abstract>
      <contact>
    <individualName>
          <surName>GBIF Download Service</surName>
    </individualName>
<electronicMailAddress>support@gbif.org</electronicMailAddress>      </contact>

</dataset>

<additionalMetadata>
    <metadata>
      <gbif>
        <dateStamp>2020-01-16T17:28:37Z</dateStamp>
      <citation identifier="10.15468/dl.0x8cjq">GBIF Occurrence Download 10.15468/dl.0x8cjq</citation>
              <physical>
                  <objectName>Darwin Core Archive</objectName>
                  <characterEncoding>UTF-8</characterEncoding>
                  <dataFormat>
                      <externallyDefinedFormat>
                          <formatName>Darwin Core Archive</formatName>
                      </externallyDefinedFormat>
                  </dataFormat>
                  <distribution>
                      <online>
                          <url function="download">http://api.gbif.org/v1/occurrence/download/request/0042088-191105090559680.zip</url>
                      </online>
                  </distribution>
              </physical>
        </gbif>
    </metadata>
</additionalMetadata>

</eml:eml>
