<?xml version="1.0" encoding="utf-8"?>
<eml:eml xmlns:eml="eml://ecoinformatics.org/eml-2.1.1" xmlns:xsi="http://www.w3.org/2001/XMLSchema-instance"
         xsi:schemaLocation="eml://ecoinformatics.org/eml-2.1.1 http://rs.gbif.org/schema/eml-gbif-profile/1.1/eml.xsd"
        packageId="10.15468/dl.hn2ouv"  system="http://gbif.org" scope="system"
  xml:lang="en">

<dataset>
        <alternateIdentifier>0003546-181003121212138</alternateIdentifier>
    <title>GBIF Occurrence Download 10.15468/dl.hn2ouv</title>
    <creator>
    <individualName>
          <surName>GBIF Download Service</surName>
    </individualName>
<electronicMailAddress>support@gbif.org</electronicMailAddress>    </creator>
    <metadataProvider>
    <individualName>
          <surName>GBIF Download Service</surName>
    </individualName>
<electronicMailAddress>support@gbif.org</electronicMailAddress>    </metadataProvider>
    <associatedParty>
    <individualName>
<givenName>Sharon</givenName>          <surName>Grant</surName>
    </individualName>
<organizationName>Field Museum of Natural History</organizationName><positionName>Technology Liaison to Science</positionName>    <address>
<deliveryPoint>1400 S Lake Shore Drive</deliveryPoint><city>Chicago</city><administrativeArea>IL</administrativeArea><postalCode>60605</postalCode><country>UNITED_STATES</country>    </address>
<phone>3126657203</phone><electronicMailAddress>sgrant@fieldmuseum.org</electronicMailAddress><onlineUrl>http://www.fieldmuseum.org</onlineUrl>    <role>CONTENT_PROVIDER</role>
    </associatedParty>
    <associatedParty>
    <individualName>
<givenName>Yesenia</givenName>          <surName>García Morera</surName>
    </individualName>
<organizationName>Cornare</organizationName><positionName>Contratista</positionName>    <address>
<deliveryPoint>Carrera 59 44-48, Kilómetro 54</deliveryPoint><city>Medellín</city><administrativeArea>Antioquia</administrativeArea><postalCode>0000</postalCode><country>COLOMBIA</country>    </address>
<phone>5461616</phone><electronicMailAddress>yeseniagarciamorera@gmail.com</electronicMailAddress><onlineUrl>http://www.cornare.gov.co</onlineUrl>    <role>CONTENT_PROVIDER</role>
    </associatedParty>
      <pubDate>
      2018-10-10
      </pubDate>
    <language>ENGLISH</language>
    <abstract>
        <para>A dataset containing all occurrences available in GBIF matching the query:
TaxonKey: Bassaricyon neblina Helgen, Pinto, Kays, Helgen, Tsuchiya, Quinn, Wilson &amp; Maldonado, 2013 
HasCoordinate: true 
HasGeospatialIssue: false
The dataset includes records from the following constituent datasets. The full metadata for each constituent is also included in this archive:
1 records from Inventario de Fauna vertebrada de la Reserva Forestal Protectora Regional Cuchillas del Tigre, El Calón y La Osa. Municipios de San Francisco y Sonsón-Antioquia.
6 records from iNaturalist Research-grade Observations
9 records from Field Museum of Natural History (Zoology) Mammal Collection
</para>
    </abstract>
      <contact>
    <individualName>
          <surName>GBIF Download Service</surName>
    </individualName>
<electronicMailAddress>support@gbif.org</electronicMailAddress>      </contact>

</dataset>

<additionalMetadata>
    <metadata>
      <gbif>
        <dateStamp>2018-10-10T19:20:45Z</dateStamp>
      <citation identifier="10.15468/dl.hn2ouv">GBIF Occurrence Download 10.15468/dl.hn2ouv</citation>
              <physical>
                  <objectName>Darwin Core Archive</objectName>
                  <characterEncoding>UTF-8</characterEncoding>
                  <dataFormat>
                      <externallyDefinedFormat>
                          <formatName>Darwin Core Archive</formatName>
                      </externallyDefinedFormat>
                  </dataFormat>
                  <distribution>
                      <online>
                          <url function="download">http://api.gbif.org/v1/occurrence/download/request/0003546-181003121212138.zip</url>
                      </online>
                  </distribution>
              </physical>
        </gbif>
    </metadata>
</additionalMetadata>

</eml:eml>
