<eml:eml xmlns:eml="eml://ecoinformatics.org/eml-2.1.1"
         xmlns:xsi="http://www.w3.org/2001/XMLSchema-instance"
         xsi:schemaLocation="eml://ecoinformatics.org/eml-2.1.1 http://rs.gbif.org/schema/eml-gbif-profile/1.0.2/eml.xsd"
         packageId="6d2cfc0a-9903-40b8-802b-403398218e4a" system="http://gbif.org" scope="system"
         xml:lang="en">

<dataset>
    <alternateIdentifier system="GBIF_PORTAL">14845</alternateIdentifier>
  <title>UMMZ Mammals Collection</title>
<creator>
    <individualName>
        <givenName>Priscilla</givenName>
      <surName>Tucker</surName>
    </individualName>
    <organizationName>University of Michigan Museum of Zoology</organizationName>
    <positionName>Professor and Curator</positionName>
    <address>
        <deliveryPoint>1109 Geddes Ave, 3036/3085 Ruthven</deliveryPoint>
        <city>Ann Arbor</city>
        <administrativeArea>MI</administrativeArea>
        <postalCode>48109</postalCode>
        <country>UNITED_STATES</country>
    </address>
    <phone>+01 734-647-2207</phone>
    <electronicMailAddress>ptuck@umich.edu</electronicMailAddress>
</creator>
<metadataProvider>
    <individualName>
        <givenName>Priscilla</givenName>
      <surName>Tucker</surName>
    </individualName>
    <organizationName>University of Michigan Museum of Zoology</organizationName>
    <positionName>Professor and Curator</positionName>
    <address>
        <deliveryPoint>1109 Geddes Ave, 3036/3085 Ruthven</deliveryPoint>
        <city>Ann Arbor</city>
        <administrativeArea>MI</administrativeArea>
        <postalCode>48109</postalCode>
        <country>UNITED_STATES</country>
    </address>
    <phone>+01 734-647-2207</phone>
    <electronicMailAddress>ptuck@umich.edu</electronicMailAddress>
</metadataProvider>
<associatedParty>
    <individualName>
        <givenName>Steve</givenName>
      <surName>Hinshaw</surName>
    </individualName>
    <organizationName>University of Michigan Museum of Zoology</organizationName>
    <positionName>Collection Manager</positionName>
    <electronicMailAddress>shinshaw@umich.edu</electronicMailAddress>
    <role>POINT_OF_CONTACT</role>
</associatedParty>
<associatedParty>
    <individualName>
        <givenName>John</givenName>
      <surName>Wieczorek</surName>
    </individualName>
    <organizationName>Museum of Vertebrate Zoology at UC Berkeley</organizationName>
    <positionName>Information Architect</positionName>
    <electronicMailAddress>tuco@berkeley.edu</electronicMailAddress>
    <role>PROGRAMMER</role>
</associatedParty>
<associatedParty>
    <individualName>
        <givenName>David</givenName>
      <surName>Bloom</surName>
    </individualName>
    <organizationName>VertNet</organizationName>
    <positionName>VertNet Coordinator</positionName>
    <electronicMailAddress>dbloom@vertnet.org</electronicMailAddress>
    <role>PROGRAMMER</role>
</associatedParty>
<associatedParty>
    <individualName>
        <givenName>Laura</givenName>
      <surName>Russell</surName>
    </individualName>
    <organizationName>VertNet</organizationName>
    <positionName>VertNet Coordinator</positionName>
    <electronicMailAddress>larussell@vertnet.org</electronicMailAddress>
    <role>PROGRAMMER</role>
</associatedParty>
<pubDate>
        2013-01-15
</pubDate>
<language>ENGLISH</language>
<abstract>
  <para>Through the efforts of University of Michigan faculty-curators and staff, the Museum of Zoology (UMMZ) develops and maintains excellent zoological collections explicitly for use in research and education benefiting science, society, and the university.&lt;/br&gt;&lt;/br&gt;

The Mammal Division of the Museum of Zoology was established in 1837, and has grown steadily to its current size, with over 150,000 specimens. An important feature of the mammal collection at the Museum of Zoology is our emphasis on non-traditional specimens; that is, preparations that go beyond or replace the traditional skin and skull. Our fluid collection numbers over 15,000 specimens.&lt;/br&gt;&lt;/br&gt;</para>
</abstract>
  <intellectualRights>
    <para>UMMZ data records may be used by individual researchers or research groups, but they may not be repackaged, resold, or redistributed in any form without the express written consent of a curator or collection manager of the Mammal Division of the University of Michigan Museum of Zoology. If any of these records are used in an analysis or report, the provenance of the original data must be acknowledged and the UMMZ notified. The University of Michigan and its staff are not responsible for damages, injury or loss due to the use of these data.</para>
  </intellectualRights>
  <contact>
    <individualName>
        <givenName>Priscilla</givenName>
      <surName>Tucker</surName>
    </individualName>
    <organizationName>University of Michigan Museum of Zoology</organizationName>
    <positionName>Professor and Curator</positionName>
    <address>
        <deliveryPoint>1109 Geddes Ave, 3036/3085 Ruthven</deliveryPoint>
        <city>Ann Arbor</city>
        <administrativeArea>MI</administrativeArea>
        <postalCode>48109</postalCode>
        <country>UNITED_STATES</country>
    </address>
    <phone>+01 734-647-2207</phone>
    <electronicMailAddress>ptuck@umich.edu</electronicMailAddress>
  </contact>

</dataset>

<additionalMetadata>
  <metadata>
    <gbif>
        <dateStamp>2013-12-13T04:43:26.747+01:00</dateStamp>
        <citation>UMMZ Mammal Collection</citation>
    </gbif>
  </metadata>
</additionalMetadata>

</eml:eml>
