<eml:eml xmlns:eml="eml://ecoinformatics.org/eml-2.1.1"
         xmlns:xsi="http://www.w3.org/2001/XMLSchema-instance"
         xsi:schemaLocation="eml://ecoinformatics.org/eml-2.1.1 http://rs.gbif.org/schema/eml-gbif-profile/1.0.2/eml.xsd"
         packageId="7a25f7aa-03fb-4322-aaeb-66719e1a9527" system="http://gbif.org" scope="system"
         xml:lang="en">

<dataset>
    <alternateIdentifier system="GBIF_PORTAL">14305</alternateIdentifier>
  <title>LACM Vertebrate Collection</title>
<creator>
    <individualName>
        <givenName>Rick</givenName>
      <surName>Feeney</surName>
    </individualName>
    <organizationName>Natural History Museum of Los Angeles County</organizationName>
    <positionName>Fishes Collection Manager</positionName>
    <address>
        <deliveryPoint>900 Exposition Blvd.</deliveryPoint>
        <city>Los Angeles</city>
        <administrativeArea>CA</administrativeArea>
        <postalCode>90007</postalCode>
        <country>UNITED_STATES</country>
    </address>
    <phone>+01 213 763 3374</phone>
    <electronicMailAddress>rfeeney@nhm.org</electronicMailAddress>
</creator>
<metadataProvider>
    <individualName>
        <givenName>Rick</givenName>
      <surName>Feeney</surName>
    </individualName>
    <organizationName>Natural History Museum of Los Angeles County</organizationName>
    <positionName>Fishes Collection Manager</positionName>
    <address>
        <deliveryPoint>900 Exposition Blvd.</deliveryPoint>
        <city>Los Angeles</city>
        <administrativeArea>CA</administrativeArea>
        <postalCode>90007</postalCode>
        <country>UNITED_STATES</country>
    </address>
    <phone>+01 213 763 3374</phone>
    <electronicMailAddress>rfeeney@nhm.org</electronicMailAddress>
</metadataProvider>
<associatedParty>
    <individualName>
        <givenName>Neftali</givenName>
      <surName>Camacho</surName>
    </individualName>
    <organizationName>Natural History Museum of Los Angeles County</organizationName>
    <positionName>Herpetology Collection Manager</positionName>
    <address>
        <deliveryPoint>900 Exposition Blvd.</deliveryPoint>
        <city>Los Angeles</city>
        <administrativeArea>CA</administrativeArea>
        <postalCode>90007</postalCode>
        <country>UNITED_STATES</country>
    </address>
    <phone>+01 213 763 3371</phone>
    <electronicMailAddress>ncamacho@nhm.org</electronicMailAddress>
    <role>POINT_OF_CONTACT</role>
</associatedParty>
<associatedParty>
    <individualName>
        <givenName>Jim</givenName>
      <surName>Dines</surName>
    </individualName>
    <organizationName>Natural History Museum of Los Angeles County</organizationName>
    <positionName>Mammalogy Collection Manager</positionName>
    <address>
        <deliveryPoint>900 Exposition Blvd.</deliveryPoint>
        <city>Los Angeles</city>
        <administrativeArea>CA</administrativeArea>
        <postalCode>90007</postalCode>
        <country>UNITED_STATES</country>
    </address>
    <phone>+01 213 763 3400</phone>
    <electronicMailAddress>jdines@nhm.org</electronicMailAddress>
    <role>POINT_OF_CONTACT</role>
</associatedParty>
<associatedParty>
    <individualName>
        <givenName>Kimball</givenName>
      <surName>Garrett</surName>
    </individualName>
    <organizationName>Natural History Museum of Los Angeles County</organizationName>
    <positionName>Collection Manager - Birds</positionName>
    <address>
        <deliveryPoint>900 Exposition Blvd.</deliveryPoint>
        <city>Los Angeles</city>
        <administrativeArea>California</administrativeArea>
        <postalCode>90007</postalCode>
        <country>UNITED_STATES</country>
    </address>
    <phone>213-763-3368</phone>
    <electronicMailAddress>kgarrett@nhm.org</electronicMailAddress>
    <role>POINT_OF_CONTACT</role>
</associatedParty>
<associatedParty>
    <individualName>
        <givenName>John</givenName>
      <surName>Wieczorek</surName>
    </individualName>
    <organizationName>Museum of Vertebrate Zoology at Berkeley</organizationName>
    <positionName>Information Architect</positionName>
    <electronicMailAddress>tuco@berkeley.edu</electronicMailAddress>
    <role>PROGRAMMER</role>
</associatedParty>
<associatedParty>
    <individualName>
        <givenName>David</givenName>
      <surName>Bloom</surName>
    </individualName>
    <organizationName>VertNet</organizationName>
    <positionName>VertNet Coordinator</positionName>
    <electronicMailAddress>dbloom@vertnet.org</electronicMailAddress>
    <role>PROGRAMMER</role>
</associatedParty>
<associatedParty>
    <individualName>
        <givenName>Laura</givenName>
      <surName>Russell</surName>
    </individualName>
    <organizationName>VertNet</organizationName>
    <positionName>VertNet Programmer</positionName>
    <electronicMailAddress>larussell@vertnet.org</electronicMailAddress>
    <role>PROGRAMMER</role>
</associatedParty>
<pubDate>
        2012-06-18
</pubDate>
<language>ENGLISH</language>
<abstract>
  <para>The Collection includes the Fish, Herpetology, Bird and Mammal Collections of the Natural History Museum of Los Angeles County. They are worldwide collections with greatest concentration in North and South America, Africa, the Pacific Ocean, and the Antarctic.</para>
</abstract>
  <intellectualRights>
    <para>LACM data records may be used by individual researchers or research groups, but they may not be repackaged, resold, or redistributed in any form without the express written consent of a curatorial staff member of the LACM. If any of these records are used in an analysis or report, the provenance of the original data must be acknowledged and the LACM notified. The Natural History Museum of Los Angeles County or its staff is not responsible for damages, injury or loss due to the use of these data.</para>
  </intellectualRights>
  <distribution scope="document">
    <online>
      <url function="information">http://www.nhm.org/</url>
    </online>
  </distribution>
  <coverage>
      <geographicCoverage>
          <geographicDescription>A worldwide collection with greatest concentration in North and South America, Africa, the Pacific Ocean, and the Antarctic.</geographicDescription>
        <boundingCoordinates>
          <westBoundingCoordinate>-180</westBoundingCoordinate>
          <eastBoundingCoordinate>180</eastBoundingCoordinate>
          <northBoundingCoordinate>90</northBoundingCoordinate>
          <southBoundingCoordinate>-90</southBoundingCoordinate>
        </boundingCoordinates>
      </geographicCoverage>
      <temporalCoverage>
      </temporalCoverage>
  </coverage>
  <contact>
    <individualName>
        <givenName>Rick</givenName>
      <surName>Feeney</surName>
    </individualName>
    <organizationName>Natural History Museum of Los Angeles County</organizationName>
    <positionName>Fishes Collection Manager</positionName>
    <address>
        <deliveryPoint>900 Exposition Blvd.</deliveryPoint>
        <city>Los Angeles</city>
        <administrativeArea>CA</administrativeArea>
        <postalCode>90007</postalCode>
        <country>UNITED_STATES</country>
    </address>
    <phone>+01 213 763 3374</phone>
    <electronicMailAddress>rfeeney@nhm.org</electronicMailAddress>
  </contact>

</dataset>

<additionalMetadata>
  <metadata>
    <gbif>
        <dateStamp>2013-12-13T04:44:03.441+01:00</dateStamp>
        <citation>Natural History Museum of Los Angeles County: LACM Vertebrate Collection</citation>
    </gbif>
  </metadata>
</additionalMetadata>

</eml:eml>
