<eml:eml xmlns:eml="eml://ecoinformatics.org/eml-2.1.1"
         xmlns:xsi="http://www.w3.org/2001/XMLSchema-instance"
         xsi:schemaLocation="eml://ecoinformatics.org/eml-2.1.1 http://rs.gbif.org/schema/eml-gbif-profile/1.0.2/eml.xsd"
         packageId="847bbbde-f762-11e1-a439-00145eb45e9a" system="http://gbif.org" scope="system"
         xml:lang="en">

<dataset>
    <alternateIdentifier system="GBIF_PORTAL">541</alternateIdentifier>
  <title>Vertebrate specimens</title>
<creator>
</creator>
<metadataProvider>
</metadataProvider>
<associatedParty>
    <positionName>Curator of Vertebrate Paleontology, Ichthyology, and Herpetology</positionName>
    <phone>1 517 432 5480</phone>
    <electronicMailAddress>gottfrie@msu.edu</electronicMailAddress>
</associatedParty>
<associatedParty>
    <positionName>Assistant Curator of Mammalogy and Ornithology</positionName>
    <phone>1 517 432 0872</phone>
    <electronicMailAddress>rasmus39@msu.edu</electronicMailAddress>
</associatedParty>
<associatedParty>
    <positionName>Curator of Mammals and Ornithology</positionName>
    <phone>1 517 355 6752</phone>
    <electronicMailAddress>lundriga@msu.edu</electronicMailAddress>
</associatedParty>
<associatedParty>
    <positionName>Senior Information Technology Officer</positionName>
    <phone>1 517 432 5194</phone>
    <electronicMailAddress>wangchi@msu.edu</electronicMailAddress>
</associatedParty>
<associatedParty>
    <positionName>Collections Manager</positionName>
    <phone>1 517 355 1290</phone>
    <electronicMailAddress>abraczi1@msu.edu</electronicMailAddress>
</associatedParty>
<language>en</language>
<abstract>
  <para>Vertebrate specimen data</para>
</abstract>
  <intellectualRights>
    <para>Vertebrate data records from Michigan State University Museum may be used by individual researchers or research groups, but they may not be repackaged, resold, or redistributed in any form without the express written consent of a curatorial staff member of the Division of Vertebrate Natural History, Michigan State University Museum. If any of these records are used in an analysis or report, the provenance of the original data must be acknowledged, and any resulting publication or report sent to the Division of Vertebrate Natural History Library. The Michigan State University Museum and its staff are not responsible for damages, injury or loss due to the use of these data.</para>
  </intellectualRights>
  <distribution scope="document">
    <online>
      <url function="information">http://museum.msu.edu/ResearchandCollections/DVNH</url>
    </online>
  </distribution>

</dataset>

<additionalMetadata>
  <metadata>
    <gbif>
        <dateStamp>2013-12-17T03:32:11.268+01:00</dateStamp>
        <citation>MSU Vertebrate Collection</citation>
    </gbif>
  </metadata>
</additionalMetadata>

</eml:eml>
