<eml:eml xmlns:eml="eml://ecoinformatics.org/eml-2.1.1"
         xmlns:xsi="http://www.w3.org/2001/XMLSchema-instance"
         xsi:schemaLocation="eml://ecoinformatics.org/eml-2.1.1 http://rs.gbif.org/schema/eml-gbif-profile/1.0.2/eml.xsd"
         packageId="84ab7b76-f762-11e1-a439-00145eb45e9a" system="http://gbif.org" scope="system"
         xml:lang="en">

<dataset>
    <alternateIdentifier system="GBIF_PORTAL">625</alternateIdentifier>
  <title>Insects</title>
<creator>
</creator>
<metadataProvider>
</metadataProvider>
<associatedParty>
    <positionName>Professor</positionName>
    <phone>614-292-6595</phone>
    <electronicMailAddress>Johnson.2@osu.edu</electronicMailAddress>
</associatedParty>
<associatedParty>
    <positionName>Biodiversity Informatics Manager</positionName>
    <phone>614-292-2730</phone>
    <electronicMailAddress>cora.1@osu.edu</electronicMailAddress>
</associatedParty>
<language>en</language>
<abstract>
  <para></para>
</abstract>
  <intellectualRights>
    <para>Data may be used freely for non-commercial purposes. All others contact database administrator.</para>
  </intellectualRights>

</dataset>

<additionalMetadata>
  <metadata>
    <gbif>
        <dateStamp>2013-12-17T03:32:06.323+01:00</dateStamp>
        <citation>Data courtesy of Ohio State University Insect Collection, Norman F. Johnson</citation>
    </gbif>
  </metadata>
</additionalMetadata>

</eml:eml>
