<eml:eml xmlns:eml="eml://ecoinformatics.org/eml-2.1.1"
         xmlns:xsi="http://www.w3.org/2001/XMLSchema-instance"
         xsi:schemaLocation="eml://ecoinformatics.org/eml-2.1.1 http://rs.gbif.org/schema/eml-gbif-profile/1.0.2/eml.xsd"
         packageId="8626bd3a-f762-11e1-a439-00145eb45e9a" system="http://gbif.org" scope="system"
         xml:lang="en">

<dataset>
    <alternateIdentifier system="GBIF_PORTAL">1837</alternateIdentifier>
  <title>NMNH Vertebrate Zoology Mammals Collections</title>
<creator>
</creator>
<metadataProvider>
</metadataProvider>
<associatedParty>
    <positionName>NMNH Vertebrate Zoology Mammals, Scientific Data Manager</positionName>
    <phone>+1 202 633 1255</phone>
    <electronicMailAddress>ludwigc@si.edu</electronicMailAddress>
</associatedParty>
<associatedParty>
    <positionName>NMNH Vertebrate Zoology Mammals, Collection Manager</positionName>
    <phone>+1 202 633 1251</phone>
    <electronicMailAddress>lunded@si.edu</electronicMailAddress>
</associatedParty>
<language>en</language>
<abstract>
  <para>NMNH Vertebrate Zoology Mammals Collections records currently completely or partially represent all actual specimen holdings</para>
</abstract>
  <intellectualRights>
    <para>See: http://www.mnh.si.edu/rc/db/2data_access_policy.html</para>
  </intellectualRights>
  <distribution scope="document">
    <online>
      <url function="information">http://www.nmnh.si.edu/vert</url>
    </online>
  </distribution>

</dataset>

<additionalMetadata>
  <metadata>
    <gbif>
        <dateStamp>2013-12-17T03:31:16.409+01:00</dateStamp>
        <citation>Division of Mammals, Research and Collections Information System, NMNH, Smithsonian Institution. See: http://www.mnh.si.edu/rc/db/2data_access_policy.html</citation>
    </gbif>
  </metadata>
</additionalMetadata>

</eml:eml>
