<eml:eml xmlns:eml="eml://ecoinformatics.org/eml-2.1.1"
         xmlns:xsi="http://www.w3.org/2001/XMLSchema-instance"
         xsi:schemaLocation="eml://ecoinformatics.org/eml-2.1.1 http://rs.gbif.org/schema/eml-gbif-profile/1.0.2/eml.xsd"
         packageId="dce681d3-4bc6-4d78-bb66-b4dd73aec081" system="http://gbif.org" scope="system"
         xml:lang="es">

<dataset>
    <alternateIdentifier system="GBIF_PORTAL">13469</alternateIdentifier>
  <title>Instituto de ciencias naturales</title>
<creator>
    <individualName>
        <givenName>Aurelio</givenName>
      <surName>Sanabria</surName>
    </individualName>
    <organizationName>INBio / IABIN SSTN</organizationName>
    <positionName>IPT Administrator</positionName>
</creator>
<metadataProvider>
    <individualName>
        <givenName>Aurelio</givenName>
      <surName>Sanabria</surName>
    </individualName>
    <organizationName>INBio / IABIN SSTN</organizationName>
    <positionName>IPT Administrator</positionName>
</metadataProvider>
<pubDate>
        2011-07-19
</pubDate>
<language>SPANISH</language>
<abstract>
  <para>Instituto de ciencias naturales - Colombia</para>
</abstract>
  <contact>
    <individualName>
        <givenName>Aurelio</givenName>
      <surName>Sanabria</surName>
    </individualName>
    <organizationName>INBio / IABIN SSTN</organizationName>
    <positionName>IPT Administrator</positionName>
  </contact>

</dataset>

<additionalMetadata>
  <metadata>
    <gbif>
        <dateStamp>2013-12-17T09:23:52.219+01:00</dateStamp>
        <citation>Instituto de Ciencias Naturales: Instituto de ciencias naturales</citation>
    </gbif>
  </metadata>
</additionalMetadata>

</eml:eml>
